SCHOOL_ID,NOAT1_STUDENTS,NOAT2_STUDENTS
00AP-0,85,18.0
00AR-0,147,3.0
00AV-0,58,15.0
00AZ-0,78,13.0
00BB-0,74,1.0
00BS-0,106,4.0
00BW-0,108,8.0
00CD-0,151,24.0
00CG-0,408,18.0
00CS-0,59,6.0
00CU-0,89,1.0
00CV-0,54,3.0
00DA-0,44,1.0
00DD-0,169,56.0
00DM-0,115,5.0
00DN-0,160,9.0
00DO-0,83,10.0
00DW-0,135,3.0
00DX-0,180,12.0
00DY-0,116,5.0
00DZ-0,168,1.0
00EB-0,182,4.0
00EI-0,144,
00FE-0,96,1.0
00FG-0,65,13.0
00FI-0,159,8.0
00FQ-0,71,
00GQ-0,115,
00GR-0,109,
00GV-0,140,
00GX-0,107,7.0
00HA-0,228,
00HH-0,75,7.0
00HZ-0,184,10.0
00IF-0,59,
00IJ-0,165,12.0
00IM-0,121,
01VE-0,143,
01VG-0,132,
01VG-1,267,2.0
01VI-0,149,41.0
01VQ-0,443,8.0
01VR-0,199,25.0
01VY-0,239,13.0
01WQ-0,111,7.0
01WU-0,417,33.0
01XH-0,111,12.0
01XU-0,394,6.0
02ZF-0,90,2.0
02ZW-0,214,6.0
02ZY-0,210,
03AG-0,197,2.0
03AH-0,118,5.0
03AI-0,77,1.0
03AN-0,43,
03AP-0,115,17.0
03AZ-0,128,13.0
03BA-0,70,
03BR-0,115,1.0
03BS-0,173,10.0
03BT-0,72,1.0
03BU-0,38,30.0
03BV-0,149,15.0
03BX-0,137,11.0
03BY-0,279,13.0
03CJ-0,109,15.0
03CL-0,60,2.0
03CO-0,78,3.0
03CT-0,106,10.0
03CV-0,61,1.0
03DF-0,61,
03DG-0,45,
03DH-0,185,13.0
03DJ-0,53,
03DK-0,97,7.0
03DV-0,136,16.0
03DW-0,85,4.0
03DX-0,350,58.0
03EE-0,149,17.0
03EH-0,40,8.0
03EI-0,55,
03EJ-0,4,27.0
03ES-0,100,10.0
03EU-0,164,50.0
03EV-0,229,6.0
03FH-0,121,13.0
03FJ-0,218,25.0
03FS-0,147,7.0
03FT-0,314,25.0
03FU-0,170,6.0
03GD-0,167,1.0
03GE-0,224,96.0
03GJ-0,70,4.0
03GL-0,49,7.0
03GP-0,30,
03GR-0,230,4.0
03GR-1,45,
03GT-0,78,
03GW-0,70,18.0
03HA-0,464,37.0
03HB-0,184,3.0
03HC-0,70,1.0
03HD-0,122,15.0
03HE-0,260,2.0
03HF-0,224,19.0
03HG-0,79,23.0
03HH-0,139,1.0
03HI-0,77,9.0
03HK-0,210,
03HL-0,288,5.0
03HM-0,129,3.0
03HO-0,72,
03HP-0,204,
03HQ-0,182,2.0
03HR-0,189,
03HS-0,54,7.0
03HU-0,628,
03HV-0,190,22.0
03HV-1,175,6.0
03HY-0,430,
03HZ-0,46,
03IA-0,139,1.0
03IB-0,36,
03IC-0,229,13.0
03IH-0,326,
03IK-0,367,
03IV-0,234,37.0
03IW-0,216,21.0
03IX-0,39,56.0
03IY-0,444,47.0
03IZ-0,152,10.0
03JB-0,78,33.0
03JC-0,146,184.0
03JD-0,211,1.0
03JE-0,121,11.0
03JH-0,523,52.0
03JI-0,143,
03JL-0,148,26.0
03JP-0,325,14.0
03JQ-0,130,12.0
03JS-0,285,
03JW-0,114,1.0
03JX-0,151,2.0
03KA-0,147,9.0
03KF-0,436,3.0
03KI-0,168,6.0
03KJ-0,146,9.0
03KM-0,132,1.0
03KP-0,87,5.0
03KR-0,100,1.0
03KS-0,166,14.0
03KT-0,107,5.0
03KV-0,301,
03KW-0,357,5.0
03KX-0,140,26.0
03LA-0,156,59.0
03LC-0,74,2.0
03LD-0,226,61.0
03LE-0,153,50.0
03LK-0,257,11.0
03LN-0,418,
03LQ-0,582,
03LR-0,71,2.0
03LS-0,244,14.0
03LT-0,276,11.0
03LX-0,554,59.0
03LY-0,777,
03MA-0,94,9.0
03MF-0,268,
03MH-0,83,2.0
03MI-0,210,6.0
03MJ-0,85,1.0
03MK-0,415,3.0
03ML-0,318,11.0
03MO-0,116,6.0
03MQ-0,90,
03MR-0,363,92.0
03MT-0,117,2.0
03MW-0,52,58.0
03MX-0,228,20.0
03NB-0,260,46.0
03NC-0,339,48.0
03NE-0,346,8.0
03NF-0,192,
03NH-0,44,1.0
03NI-0,376,26.0
03NJ-0,218,
03NN-0,225,9.0
03NO-0,111,4.0
03NP-0,176,6.0
03NR-0,37,9.0
03NT-0,328,3.0
03NU-0,215,18.0
03NW-0,632,35.0
03NY-0,136,3.0
03NZ-0,80,13.0
03OA-0,47,
03OB-0,194,11.0
03OC-0,119,2.0
03OJ-0,501,
03OK-0,106,108.0
03OM-0,243,19.0
03ON-0,55,24.0
03OP-0,97,41.0
03OR-0,156,
03OT-0,230,81.0
03OU-0,337,5.0
03PC-0,186,34.0
03PD-0,320,15.0
03PF-0,298,16.0
03PH-0,326,4.0
03PJ-0,126,
03PK-0,88,2.0
03PL-0,70,1.0
03PM-0,214,11.0
03PN-0,46,1.0
03PP-0,152,1.0
03PQ-0,165,109.0
03PS-0,214,11.0
03PV-0,168,22.0
03PW-0,124,1.0
03PX-0,175,10.0
03PY-0,440,46.0
03QA-0,299,14.0
03QB-0,61,15.0
03QC-0,69,1.0
03QD-0,236,7.0
03QF-0,80,5.0
03QI-0,189,5.0
03QJ-0,149,3.0
03QK-0,51,2.0
03QL-0,112,1.0
03QN-0,152,2.0
03QO-0,145,6.0
03QP-0,90,
03QQ-0,183,9.0
03QR-0,437,1.0
03QS-0,195,50.0
03QT-0,117,6.0
03QW-0,112,7.0
03QY-0,414,25.0
03QZ-0,227,16.0
03RA-0,105,4.0
03RC-0,109,
03RD-0,98,
03RE-0,114,11.0
03RG-0,132,4.0
03RK-0,167,3.0
03RL-0,278,17.0
03RN-0,190,38.0
03RO-0,131,4.0
03RO-1,85,3.0
03RP-0,61,3.0
03RQ-0,308,
03RS-0,209,9.0
03RT-0,78,3.0
03RV-0,101,3.0
03RW-0,56,
03RX-0,194,25.0
03RY-0,184,3.0
03RZ-0,233,8.0
03SB-0,166,1.0
03SC-0,68,3.0
03SE-0,111,11.0
03SG-0,25,4.0
03SH-0,54,15.0
03SJ-0,231,
03SK-0,125,55.0
03SL-0,100,5.0
03SM-0,128,
03SN-0,203,
03SO-0,138,2.0
03SR-0,198,19.0
03ST-0,251,
03SV-0,203,3.0
03SW-0,165,8.0
03SY-0,170,9.0
03TA-0,98,3.0
03TB-0,266,5.0
03TC-0,178,36.0
03TD-0,230,
03TF-0,303,411.0
03TG-0,155,7.0
03TH-0,105,2.0
03TJ-0,195,11.0
03TL-0,203,40.0
03TM-0,222,17.0
03TN-0,233,54.0
03TO-0,117,12.0
03TP-0,170,3.0
03TQ-0,458,4.0
03TR-0,280,24.0
03TS-0,98,13.0
03TT-0,169,41.0
03TW-0,144,22.0
03TX-0,50,1.0
03TY-0,152,12.0
03TZ-0,129,11.0
03UA-0,87,5.0
03UB-0,328,13.0
03UC-0,144,7.0
03UE-0,37,
03UG-0,274,29.0
03UJ-0,262,4.0
03UL-0,204,19.0
03UM-0,82,1.0
03UN-0,86,
03UQ-0,133,1.0
03UR-0,228,2.0
03US-0,159,19.0
03UU-0,123,
03UW-0,114,
03UY-0,172,2.0
03UZ-0,143,34.0
03VA-0,150,2.0
03VB-0,311,16.0
03VC-0,151,17.0
03VD-0,143,9.0
03VE-0,153,3.0
03VG-0,190,
03VH-0,118,39.0
03VI-0,118,
03VK-0,278,64.0
03VL-0,71,
03VP-0,294,44.0
03VQ-0,125,44.0
03VR-0,329,59.0
03VS-0,178,21.0
03VT-0,158,2.0
03VV-0,53,
03VW-0,210,15.0
03VX-0,152,
03VZ-0,68,1.0
03WD-0,253,4.0
03WE-0,333,18.0
03WF-0,118,1.0
03WG-0,77,7.0
03WH-0,234,2.0
03WI-0,94,
03WK-0,154,1.0
03WL-0,208,12.0
03WM-0,156,5.0
03WN-0,63,6.0
03WT-0,128,
03WU-0,75,
03WV-0,89,9.0
03WX-0,428,26.0
03WY-0,184,
03XA-0,284,
03XB-0,302,16.0
03XC-0,92,12.0
03XE-0,116,
03XH-0,79,23.0
03XI-0,297,2.0
03XJ-0,181,25.0
03XN-0,204,8.0
03XO-0,300,23.0
03XP-0,118,4.0
03XQ-0,113,4.0
03XT-0,50,1.0
03XV-0,292,2.0
03XW-0,275,5.0
03XX-0,250,3.0
03XY-0,149,9.0
03XZ-0,443,8.0
03YB-0,80,2.0
03YC-0,115,6.0
03YG-0,128,2.0
03YH-0,88,2.0
03YI-0,100,5.0
03YJ-0,211,15.0
03YL-0,230,9.0
03YM-0,176,14.0
03YN-0,264,6.0
03YO-0,82,15.0
03YP-0,38,3.0
03YS-0,185,27.0
03YW-0,157,
03YY-0,53,2.0
03YZ-0,94,
03ZB-0,100,44.0
03ZD-0,128,1.0
03ZE-0,259,
03ZF-0,115,1.0
03ZH-0,69,
03ZJ-0,95,16.0
03ZV-0,41,5.0
04AA-0,219,19.0
04AJ-0,98,3.0
04AM-0,115,
04AW-0,68,
04AZ-0,83,
04BD-0,221,8.0
04BK-0,436,1.0
04BT-0,160,
04CN-0,237,
04CT-0,134,2.0
04DE-0,117,2.0
04DE-1,134,21.0
04DG-0,80,
04DT-0,132,
04DZ-0,355,37.0
04EC-0,223,
04ED-0,88,1.0
04EN-0,229,4.0
04EV-0,115,1.0
04FB-0,241,32.0
04FD-0,287,63.0
04FE-0,124,1.0
04FF-0,272,10.0
04FH-0,53,
04FI-0,71,108.0
04FJ-0,326,1.0
04FM-0,165,54.0
04FQ-0,77,
04FT-0,85,3.0
04FV-0,48,
04FX-0,199,7.0
04GB-0,144,13.0
04GD-0,61,8.0
04GF-0,49,1.0
04GH-0,441,64.0
04GK-0,124,3.0
04GX-0,248,30.0
04HB-0,78,
04HC-0,57,
04HM-0,240,16.0
04HO-0,78,2.0
04HS-0,140,7.0
04HT-0,79,5.0
04HU-0,128,1.0
04HW-0,175,6.0
04HX-0,202,20.0
04HY-0,331,46.0
04HZ-0,114,1.0
04IA-0,82,1.0
04IB-0,136,11.0
04IM-0,698,19.0
04IM-1,52,1.0
04IP-0,403,50.0
04IQ-0,133,3.0
04IR-0,40,
04IT-0,67,1.0
04IU-0,293,30.0
04IY-0,64,
04JA-0,157,103.0
04JF-0,172,5.0
04JI-0,51,1.0
04JJ-0,34,
04JO-0,148,5.0
04JR-0,193,25.0
04JS-0,236,1.0
04JU-0,121,2.0
04JV-0,419,21.0
04JW-0,84,
04JX-0,57,
04KC-0,245,
04KD-0,326,
04KI-0,356,
04KI-1,121,2.0
04KJ-0,110,
04KM-0,79,25.0
04KN-0,95,1.0
04KU-0,483,39.0
04KY-0,70,
04KZ-0,71,
04LA-0,85,66.0
04LB-0,48,2.0
04LD-0,465,
04LG-0,89,2.0
04LI-0,335,
04LJ-0,117,2.0
04LK-0,45,4.0
04LL-0,142,34.0
04LM-0,91,5.0
04LN-0,201,5.0
04LO-0,136,22.0
04LP-0,273,37.0
04LR-0,74,
04LV-0,114,
04LX-0,264,6.0
04LY-0,161,1.0
04MA-0,62,1.0
04MB-0,140,4.0
04MD-0,428,25.0
04MF-0,165,50.0
04MG-0,234,14.0
04MJ-0,224,11.0
04MK-0,112,13.0
04ML-0,383,2.0
04MN-0,203,10.0
04MS-0,142,3.0
04MU-0,56,
04MV-0,155,6.0
04MY-0,279,1.0
04MZ-0,271,32.0
04NA-0,40,1.0
04NB-0,270,23.0
04NC-0,174,17.0
04ND-0,243,49.0
04NH-0,233,1.0
04NI-0,20,
04NN-0,201,15.0
04NO-0,194,
04NP-0,228,4.0
04NR-0,56,3.0
04NS-0,250,38.0
04NT-0,134,16.0
04NU-0,113,44.0
04NV-0,95,23.0
04NW-0,116,1.0
04OA-0,168,2.0
04OB-0,77,2.0
04OC-0,134,2.0
04OE-0,166,1.0
04OF-0,123,2.0
04OH-0,195,
04OL-0,211,
04OM-0,409,
04ON-0,118,197.0
04ON-1,250,104.0
04OR-0,345,3.0
04OS-0,212,8.0
04OT-0,78,3.0
04OV-0,134,2.0
04OW-0,23,3.0
04PA-0,148,1.0
04PE-0,103,6.0
04PF-0,85,
04PH-0,151,2.0
04PI-0,246,37.0
04PJ-0,100,4.0
04PK-0,382,5.0
04PL-0,152,3.0
04PN-0,237,
04PO-0,52,
04PP-0,180,
04PQ-0,94,
04PR-0,186,8.0
04PS-0,35,
04PT-0,22,
04PV-0,179,1.0
04PW-0,68,2.0
04PX-0,304,11.0
04PY-0,90,
04PZ-0,69,2.0
04QC-0,466,6.0
04QD-0,279,
04QE-0,215,3.0
04QG-0,391,4.0
04QH-0,389,29.0
04QI-0,305,
04QL-0,126,2.0
04QM-0,231,25.0
04QN-0,58,
04QP-0,381,48.0
04QQ-0,80,2.0
04QR-0,168,5.0
04QT-0,316,55.0
04QU-0,90,2.0
04QV-0,556,
04QY-0,145,9.0
04RA-0,245,
04RC-0,113,
04RF-0,171,1.0
04RH-0,331,13.0
04RI-0,268,6.0
04RJ-0,173,5.0
04RK-0,211,18.0
04RL-0,265,7.0
04RM-0,174,4.0
04RP-0,228,36.0
04RQ-0,193,17.0
04RS-0,208,46.0
04RT-0,240,
04RU-0,178,3.0
04RV-0,245,19.0
04RX-0,78,
04SB-0,191,2.0
04SC-0,185,33.0
04SG-0,166,2.0
04SJ-0,349,15.0
04SK-0,89,13.0
04SL-0,185,7.0
04SN-0,45,
04SO-0,220,4.0
04SP-0,25,17.0
04SR-0,394,15.0
04ST-0,86,47.0
04SV-0,271,1.0
04SW-0,181,28.0
04SX-0,72,
04SY-0,345,25.0
04TA-0,97,2.0
04TB-0,48,
04TC-0,53,
04TD-0,415,16.0
04TE-0,109,27.0
04TF-0,61,97.0
04TG-0,35,2.0
04TH-0,217,4.0
04TK-0,249,17.0
04TL-0,40,2.0
04TM-0,99,1.0
04TN-0,93,6.0
04TT-0,377,4.0
04TU-0,247,17.0
04TV-0,40,
04TW-0,227,7.0
04TX-0,35,1.0
04UA-0,59,
04UB-0,299,
04UC-0,239,7.0
04UD-0,175,9.0
04UF-0,215,9.0
04UG-0,248,4.0
04UH-0,120,1.0
04UI-0,186,
04UK-0,404,1.0
04UL-0,203,12.0
04UN-0,249,12.0
04UO-0,102,
04UQ-0,46,1.0
04UR-0,57,1.0
04US-0,94,1.0
04UT-0,210,31.0
04UU-0,92,
04UV-0,110,3.0
04UW-0,252,26.0
04UZ-0,326,4.0
04VA-0,214,
04VD-0,445,72.0
04VF-0,186,10.0
04VG-0,155,
04VH-0,32,1.0
04VI-0,44,3.0
04VJ-0,110,
04VK-0,146,
04VL-0,120,
04VM-0,161,31.0
04VN-0,165,6.0
04VO-0,133,15.0
04VQ-0,61,2.0
04VR-0,189,1.0
04VS-0,42,12.0
04VT-0,135,10.0
04VV-0,53,
04VW-0,176,6.0
04VX-0,155,8.0
04VY-0,135,13.0
04WC-0,79,
04WD-0,45,6.0
04WG-0,221,10.0
04WJ-0,259,1.0
04WL-0,198,2.0
04WM-0,155,
04WO-0,181,3.0
04WQ-0,73,1.0
04WR-0,91,
04WS-0,85,3.0
04WT-0,212,19.0
04WU-0,508,2.0
04WV-0,339,9.0
04WW-0,134,
04WX-0,259,1.0
04XA-0,213,
04XB-0,84,2.0
04XC-0,247,15.0
04XD-0,235,9.0
04XH-0,217,9.0
04XL-0,459,28.0
04XS-0,61,
04XT-0,236,3.0
04XW-0,130,1.0
04XX-0,77,64.0
04XZ-0,79,3.0
04YG-0,65,2.0
04YJ-0,334,12.0
04YQ-0,465,1.0
04YR-0,370,6.0
04YT-0,269,15.0
04YU-0,224,25.0
04YY-0,431,16.0
04YZ-0,554,142.0
04ZB-0,92,5.0
04ZF-0,169,5.0
04ZG-0,156,2.0
04ZI-0,115,3.0
04ZM-0,371,9.0
04ZO-0,238,4.0
04ZS-0,113,4.0
04ZT-0,133,64.0
04ZV-0,177,11.0
04ZW-0,218,19.0
04ZX-0,107,16.0
05AF-0,130,3.0
05AI-0,67,
05AO-0,151,6.0
05AT-0,127,7.0
05AU-0,363,5.0
05AY-0,41,
05BB-0,183,
05BC-0,197,17.0
05BE-0,143,26.0
05BF-0,54,
05BG-0,148,7.0
05BH-0,326,26.0
05BI-0,184,7.0
05BJ-0,343,3.0
05BK-0,170,6.0
05BL-0,140,13.0
05BM-0,148,2.0
05BN-0,120,
05BO-0,255,90.0
05BQ-0,304,12.0
05BR-0,185,4.0
05BS-0,43,
05BT-0,281,27.0
05BU-0,99,4.0
05BX-0,69,1.0
05BY-0,239,2.0
05CB-0,117,12.0
05CC-0,56,2.0
05CD-0,200,14.0
05CH-0,445,16.0
05CJ-0,31,2.0
05CN-0,228,8.0
05CO-0,68,2.0
05CP-0,176,36.0
05CS-0,297,11.0
05CT-0,270,20.0
05CX-0,222,11.0
05CZ-0,98,
05DA-0,113,7.0
05DB-0,100,
05DC-0,178,4.0
05DD-0,125,2.0
05DF-0,62,116.0
05DG-0,605,39.0
05DH-0,237,1.0
05DJ-0,111,
05DK-0,178,5.0
05DM-0,139,1.0
05DN-0,113,1.0
05DO-0,124,2.0
05DP-0,164,3.0
05DQ-0,96,9.0
05DT-0,273,11.0
05DU-0,328,7.0
05DV-0,39,55.0
05DW-0,235,4.0
05DX-0,176,2.0
05ED-0,180,1.0
05EF-0,391,1.0
05EG-0,157,3.0
05EH-0,81,8.0
05EJ-0,140,2.0
05EN-0,243,3.0
05EO-0,204,29.0
05EP-0,149,2.0
05ER-0,168,
05ES-0,75,
05EV-0,130,
05EY-0,78,2.0
05EZ-0,164,16.0
05FA-0,70,10.0
05FG-0,114,1.0
05FH-0,123,2.0
05FK-0,424,56.0
05FM-0,188,4.0
05FP-0,120,158.0
05FR-0,201,25.0
05FS-0,162,359.0
05FU-0,258,29.0
05FV-0,152,5.0
05FX-0,196,9.0
05FZ-0,142,31.0
05GC-0,101,3.0
05GE-0,70,
05GF-0,335,22.0
05GH-0,104,14.0
05GJ-0,176,63.0
05GK-0,487,54.0
05GL-0,131,3.0
05GM-0,130,22.0
05GP-0,248,15.0
05GQ-0,136,
05GR-0,230,3.0
05GU-0,181,23.0
05GY-0,368,7.0
05HA-0,365,37.0
05HC-0,170,65.0
05HD-0,81,295.0
05HF-0,108,1.0
05HH-0,83,105.0
05HL-0,239,1.0
05HO-0,108,2.0
05HU-0,204,6.0
05HV-0,211,64.0
05HW-0,111,1.0
05HZ-0,60,2.0
05IA-0,248,
05IB-0,216,14.0
05ID-0,190,5.0
05IE-0,236,38.0
05IF-0,332,
05IH-0,400,13.0
05IJ-0,49,2.0
05IK-0,44,5.0
05IL-0,79,2.0
05IM-0,331,6.0
05IQ-0,298,5.0
05IS-0,139,42.0
05IU-0,224,8.0
05IV-0,238,4.0
05IW-0,105,14.0
05IX-0,143,10.0
05IZ-0,309,5.0
05JA-0,139,
05JC-0,62,151.0
05JE-0,174,10.0
05JF-0,94,7.0
05JG-0,280,44.0
05JH-0,365,
05JI-0,100,1.0
05JJ-0,47,4.0
05JK-0,267,5.0
05JL-0,158,1.0
05JM-0,195,
05JN-0,560,9.0
05JO-0,292,13.0
05JP-0,106,2.0
05JQ-0,144,91.0
05JR-0,66,7.0
05JU-0,296,10.0
05JV-0,481,14.0
05JW-0,61,2.0
05JX-0,258,16.0
05JY-0,282,2.0
05JZ-0,103,
05KA-0,230,4.0
05KB-0,127,14.0
05KH-0,137,7.0
05KK-0,34,2.0
05KL-0,230,
05KP-0,97,51.0
05KQ-0,30,60.0
05KR-0,176,19.0
05KT-0,75,
05KU-0,74,2.0
05KW-0,86,15.0
05KX-0,34,6.0
05LB-0,130,5.0
05LC-0,213,
05LL-0,307,114.0
05LN-0,246,24.0
05LP-0,213,60.0
05LQ-0,127,6.0
05LR-0,50,
05LS-0,95,
05LU-0,101,
05LV-0,244,16.0
05LX-0,90,119.0
05LY-0,67,
05LZ-0,117,1.0
05MA-0,125,6.0
05MC-0,206,5.0
05MD-0,208,13.0
05ME-0,262,12.0
05MG-0,90,6.0
05MH-0,43,
05MI-0,170,3.0
05MJ-0,138,18.0
05MK-0,123,1.0
05ML-0,98,3.0
05MM-0,191,12.0
05MQ-0,56,
05MT-0,153,28.0
05MU-0,165,10.0
05MX-0,82,1.0
05MY-0,60,
05NA-0,105,
05NI-0,242,
05NJ-0,132,1.0
05NM-0,51,1.0
05NN-0,40,1.0
05NO-0,129,5.0
05NP-0,200,15.0
05NQ-0,220,6.0
05NS-0,225,7.0
05NT-0,296,1.0
05NU-0,173,7.0
05NW-0,100,
05NY-0,61,
05OC-0,90,4.0
05OD-0,57,
05OF-0,391,10.0
05OJ-0,169,1.0
05OK-0,103,
05OL-0,121,131.0
05OM-0,101,2.0
05OM-1,126,5.0
05ON-0,214,10.0
05OQ-0,147,1.0
05OR-0,137,8.0
05OS-0,157,2.0
05OU-0,232,7.0
05OV-0,63,
05OW-0,236,3.0
05OY-0,235,6.0
05OZ-0,60,4.0
05PA-0,168,5.0
05PC-0,110,1.0
05PD-0,110,2.0
05PF-0,95,1.0
05PH-0,65,6.0
05PJ-0,92,3.0
05PK-0,79,1.0
05PM-0,68,2.0
05PO-0,74,
05PQ-0,32,3.0
05PR-0,210,7.0
05PS-0,38,
05PX-0,104,1.0
05QA-0,35,
05QB-0,29,
05QD-0,54,2.0
05QE-0,107,1.0
05QF-0,54,
05QH-0,141,2.0
05QI-0,111,10.0
05QJ-0,99,1.0
05QM-0,172,13.0
05QN-0,97,
05QO-0,64,1.0
05QP-0,75,2.0
05QS-0,114,1.0
05QT-0,259,1.0
05QU-0,70,1.0
05QV-0,111,10.0
05QW-0,34,1.0
05QX-0,152,15.0
05RB-0,52,1.0
05RC-0,196,2.0
05RD-0,47,
05RE-0,152,13.0
05RG-0,88,2.0
05RH-0,138,6.0
05RK-0,94,
05RL-0,144,3.0
05RM-0,65,
05RN-0,85,5.0
05RO-0,185,12.0
05RR-0,39,
05RS-0,60,2.0
05RT-0,133,6.0
05RV-0,265,23.0
05RW-0,223,3.0
05RX-0,96,
05RY-0,167,1.0
05RZ-0,73,19.0
05SB-0,73,7.0
05SC-0,255,18.0
05SE-0,113,
05SF-0,100,4.0
05SG-0,185,
05SI-0,114,
05SJ-0,226,6.0
05SK-0,176,11.0
05SL-0,86,
05SO-0,226,2.0
05SP-0,61,
05SR-0,300,119.0
05SW-0,210,65.0
05SX-0,71,3.0
05SY-0,86,3.0
05SZ-0,97,
05TB-0,182,
05TE-0,47,
05TF-0,81,
05TG-0,552,
05TH-0,66,
05TI-0,216,3.0
05TL-0,246,4.0
05TM-0,65,5.0
05TN-0,47,1.0
05TO-0,127,1.0
05TR-0,187,6.0
05TS-0,71,2.0
05TT-0,70,5.0
05TU-0,66,1.0
05TV-0,275,9.0
05TW-0,134,9.0
05TY-0,179,1.0
05TZ-0,89,
05UE-0,71,4.0
05UF-0,107,5.0
05UG-0,42,
05UK-0,40,
05UL-0,60,
05UM-0,93,
05UN-0,170,6.0
05UO-0,188,
05UR-0,92,1.0
05US-0,76,
05UT-0,192,14.0
05UU-0,129,3.0
05UW-0,92,
05UX-0,112,8.0
05UY-0,163,
05VA-0,146,1.0
05VC-0,54,3.0
05VD-0,72,
05VG-0,127,12.0
05VJ-0,120,1.0
05VK-0,112,10.0
05VL-0,193,2.0
05VM-0,95,2.0
05VO-0,291,5.0
05VO-1,57,
05VP-0,248,2.0
05VR-0,269,25.0
05VS-0,68,11.0
05VT-0,221,
05VU-0,343,41.0
05VV-0,436,4.0
05VW-0,361,511.0
05VX-0,1746,
05VY-0,284,13.0
05WB-0,463,5.0
05WD-0,299,1.0
05WG-0,227,13.0
05WH-0,349,1.0
05WI-0,232,4.0
05WJ-0,243,
05WK-0,236,4.0
05WL-0,74,3.0
05WM-0,212,
05WN-0,225,4.0
05WR-0,159,35.0
05WS-0,131,9.0
05WT-0,98,4.0
05WU-0,241,
05WV-0,218,
05WZ-0,49,4.0
05XB-0,116,7.0
05XC-0,138,4.0
05XD-0,70,3.0
05XE-0,152,6.0
05XF-0,146,4.0
05XH-0,28,
05XI-0,78,
05XQ-0,111,
05XR-0,55,8.0
05XW-0,191,9.0
05XX-0,83,5.0
05XZ-0,168,12.0
05YA-0,58,9.0
05YC-0,248,105.0
05YD-0,214,17.0
05YE-0,204,24.0
05YK-0,169,2.0
05YL-0,64,
05YQ-0,67,5.0
05YS-0,380,23.0
05YT-0,226,10.0
05YW-0,124,6.0
05ZE-0,70,
05ZF-0,318,27.0
05ZG-0,116,5.0
05ZH-0,41,17.0
05ZI-0,168,15.0
05ZQ-0,67,5.0
05ZR-0,257,31.0
05ZS-0,206,5.0
05ZT-0,192,26.0
05ZU-0,112,9.0
05ZW-0,137,56.0
05ZX-0,92,17.0
05ZY-0,82,11.0
05ZZ-0,91,17.0
06AF-0,166,13.0
06AG-0,118,
06AI-0,145,26.0
06AL-0,52,2.0
06AM-0,178,11.0
06AN-0,233,43.0
06AO-0,43,
06AP-0,80,41.0
06AQ-0,79,4.0
06AY-0,407,26.0
06AZ-0,83,8.0
06BA-0,303,63.0
06BB-0,326,4.0
06BC-0,208,13.0
06BD-0,11,
06BE-0,128,12.0
06BG-0,516,142.0
06BH-0,69,
06BM-0,113,10.0
06BO-0,174,9.0
06BP-0,77,3.0
06BQ-0,302,32.0
06BR-0,113,7.0
06BV-0,125,5.0
06BX-0,66,7.0
06BY-0,78,17.0
06CA-0,273,184.0
06CI-0,189,13.0
06CK-0,209,27.0
06CN-0,62,25.0
06CO-0,158,6.0
06CP-0,61,6.0
06CQ-0,150,74.0
06CS-0,138,181.0
06CT-0,14,8.0
06CX-0,251,20.0
06CY-0,233,94.0
06CZ-0,208,6.0
06DD-0,75,2.0
06DE-0,175,28.0
06DG-0,150,4.0
06DJ-0,128,17.0
06DM-0,202,16.0
06DN-0,270,10.0
06DO-0,403,32.0
06DV-0,189,15.0
06DW-0,105,5.0
06DX-0,113,5.0
06DY-0,109,1.0
06DZ-0,282,19.0
06EA-0,155,8.0
06EB-0,98,
06EC-0,183,1.0
06ED-0,93,7.0
06EE-0,249,4.0
06EF-0,213,18.0
06EH-0,359,7.0
06EI-0,102,5.0
06EJ-0,187,2.0
06EK-0,126,
06EL-0,114,1.0
06EM-0,142,
06EN-0,66,
06EO-0,203,1.0
06EP-0,133,3.0
06EQ-0,174,
06ES-0,118,9.0
06ET-0,138,3.0
06EU-0,54,7.0
06EY-0,92,
06FA-0,187,2.0
06FB-0,73,1.0
06FF-0,199,78.0
06FI-0,338,
06FJ-0,105,
06FK-0,261,24.0
06FM-0,227,21.0
06FO-0,270,5.0
06FR-0,59,
06FT-0,249,
06FU-0,72,1.0
06FV-0,143,31.0
06FW-0,407,3.0
06FY-0,271,38.0
06GD-0,108,3.0
06GE-0,238,18.0
06GH-0,238,32.0
06GK-0,235,141.0
06GL-0,157,12.0
06GN-0,81,350.0
06GP-0,668,41.0
06GR-0,191,21.0
06GS-0,112,3.0
06GU-0,162,
06GV-0,115,3.0
06GW-0,265,9.0
06HC-0,181,26.0
06HD-0,334,5.0
06HE-0,271,13.0
06HG-0,166,7.0
06HI-0,304,45.0
06HJ-0,51,1.0
06HK-0,321,
06HL-0,202,29.0
06HM-0,384,4.0
06HN-0,178,10.0
06HO-0,297,16.0
06HP-0,96,17.0
06HT-0,217,1.0
06HU-0,48,2.0
06HV-0,111,9.0
06HW-0,459,
06HZ-0,134,12.0
06IA-0,169,64.0
06IE-0,165,2.0
06IH-0,260,26.0
06IK-0,407,16.0
06IL-0,189,6.0
06IN-0,64,
06IP-0,44,
06IR-0,186,2.0
06IS-0,479,44.0
06IT-0,491,31.0
06IU-0,214,7.0
06IW-0,167,
06IX-0,181,45.0
06IY-0,149,1.0
06IZ-0,176,8.0
06JC-0,280,10.0
06JD-0,158,3.0
06JE-0,71,
06JF-0,295,12.0
06JG-0,171,6.0
06JL-0,194,18.0
06JN-0,318,9.0
06JO-0,81,3.0
06JP-0,721,
06JQ-0,160,5.0
06JS-0,236,8.0
06JT-0,427,35.0
06JV-0,219,
06JW-0,85,2.0
06JY-0,95,
06JZ-0,144,82.0
06KA-0,252,1.0
06KB-0,224,11.0
06KC-0,84,38.0
06KD-0,107,7.0
06KE-0,297,26.0
06KF-0,181,24.0
06KG-0,106,3.0
06KH-0,296,10.0
06KK-0,143,1.0
06KL-0,159,10.0
06KM-0,282,
06KN-0,382,1.0
06KO-0,234,23.0
06KO-2,50,1.0
06KQ-0,203,2.0
06KS-0,141,4.0
06KT-0,94,6.0
06KU-0,194,10.0
06KV-0,582,26.0
06KW-0,192,22.0
06KY-0,69,4.0
06LA-0,418,
06LB-0,456,24.0
06LC-0,105,49.0
06LD-0,87,
06LF-0,271,13.0
06LG-0,73,21.0
06LH-0,59,
06LI-0,182,11.0
06LJ-0,314,9.0
06LL-0,213,16.0
06LM-0,189,7.0
06LO-0,86,3.0
06LP-0,232,5.0
06LQ-0,214,17.0
06LR-0,95,
06LT-0,166,52.0
06LU-0,302,9.0
06LV-0,32,9.0
06LW-0,131,3.0
06LX-0,177,
06LY-0,491,32.0
06LZ-0,149,5.0
06MA-0,209,51.0
06MC-0,226,10.0
06MD-0,181,5.0
06ME-0,233,10.0
06MF-0,256,19.0
06MH-0,243,18.0
06MI-0,103,74.0
06MJ-0,100,
06MM-0,341,33.0
06MQ-0,189,18.0
06MS-0,104,18.0
06MU-0,155,12.0
06MV-0,172,103.0
06MW-0,155,8.0
06MY-0,119,
06NB-0,88,
06NC-0,300,3.0
06NE-0,172,11.0
06NG-0,199,
06NH-0,182,8.0
06NI-0,59,1.0
06NJ-0,144,4.0
06NL-0,210,12.0
06NM-0,30,33.0
06NN-0,703,21.0
06NO-0,474,133.0
06NR-0,175,
06NS-0,153,64.0
06NU-0,90,
06NX-0,278,3.0
06NY-0,130,6.0
06NZ-0,58,3.0
06OA-0,57,1.0
06OD-0,75,6.0
06OF-0,204,6.0
06OH-0,123,4.0
06OJ-0,88,2.0
06OK-0,112,1.0
06OM-0,368,2.0
06OP-0,365,6.0
06OQ-0,173,44.0
06OR-0,132,
06OS-0,219,1.0
06OT-0,106,2.0
06OU-0,210,2.0
06OW-0,159,
06OY-0,602,49.0
06OZ-0,229,3.0
06PB-0,178,4.0
06PC-0,296,29.0
06PD-0,154,3.0
06PE-0,205,1.0
06PF-0,199,6.0
06PG-0,183,13.0
06PH-0,237,144.0
06PI-0,87,1.0
06PL-0,49,
06PM-0,296,6.0
06PN-0,83,
06PO-0,187,2.0
06PP-0,155,4.0
06PQ-0,69,1.0
06PR-0,318,
06PS-0,100,9.0
06PT-0,196,3.0
06PV-0,179,13.0
06PZ-0,155,1.0
06QB-0,122,2.0
06QC-0,277,23.0
06QE-0,111,4.0
06QF-0,176,
06QH-0,138,2.0
06QI-0,75,
06QJ-0,145,1.0
06QK-0,200,25.0
06QM-0,98,
06QN-0,212,11.0
06QO-0,64,3.0
06QP-0,90,
06QQ-0,94,
06QR-0,99,
06QS-0,188,
06QT-0,250,9.0
06QV-0,156,1.0
06QY-0,203,19.0
06QZ-0,206,5.0
06RA-0,96,11.0
06RD-0,181,26.0
06RE-0,259,3.0
06RF-0,316,9.0
06RG-0,123,9.0
06RL-0,85,
06RM-0,417,63.0
06RN-0,188,4.0
06RP-0,205,
06RQ-0,243,4.0
06RR-0,221,7.0
06RS-0,91,
06RT-0,93,
06RU-0,136,17.0
06RW-0,316,19.0
06RX-0,71,
06RY-0,93,
06RZ-0,139,2.0
06SB-0,251,7.0
06SC-0,157,4.0
06SE-0,82,3.0
06SF-0,86,1.0
06SG-0,108,
06SI-0,121,1.0
06SJ-0,152,
06SK-0,125,2.0
06SL-0,248,3.0
06SM-0,95,2.0
06SN-0,95,1.0
06SO-0,208,7.0
06SQ-0,163,4.0
06ST-0,37,
06SW-0,130,4.0
06SY-0,73,11.0
06SZ-0,134,4.0
06TA-0,110,1.0
06TC-0,110,
06TD-0,92,6.0
06TF-0,105,7.0
06TH-0,62,
06TK-0,176,3.0
06TL-0,139,27.0
06TM-0,78,1.0
06TN-0,164,
06TP-0,114,
06TR-0,95,3.0
06TT-0,204,1.0
06TU-0,181,34.0
06TX-0,110,11.0
06UB-0,81,7.0
06UC-0,77,2.0
06UD-0,226,1.0
06UE-0,120,4.0
06UF-0,164,12.0
06UG-0,53,
06UI-0,68,5.0
06UK-0,184,4.0
06UL-0,142,2.0
06UN-0,87,
06UQ-0,180,2.0
06UT-0,303,21.0
06UW-0,427,16.0
06UX-0,187,3.0
06UZ-0,187,11.0
06VA-0,87,1.0
06VC-0,49,
06VD-0,132,
06VF-0,59,
06VJ-0,147,
06VL-0,119,32.0
06VN-0,218,14.0
06VO-0,59,
06VP-0,102,7.0
06VU-0,168,1.0
06VV-0,109,8.0
06VW-0,48,
06VX-0,162,2.0
06VY-0,105,
06WB-0,359,3.0
06WC-0,255,13.0
06WD-0,282,6.0
06WF-0,154,2.0
06WH-0,106,2.0
06WI-0,197,10.0
06WJ-0,51,1.0
06WL-0,312,14.0
06WM-0,82,1.0
06WN-0,145,12.0
06WO-0,111,
06WS-0,97,
06WT-0,195,20.0
06WU-0,88,4.0
06WV-0,103,14.0
06WW-0,138,57.0
06WX-0,171,
06WZ-0,43,3.0
06XB-0,74,
06XC-0,150,3.0
06XD-0,142,3.0
06XE-0,32,5.0
06XF-0,87,1.0
06XI-0,304,12.0
06XJ-0,364,8.0
06XM-0,41,1.0
06XO-0,58,32.0
06XP-0,59,1.0
06XQ-0,292,14.0
06XR-0,263,2.0
06XU-0,367,34.0
06XW-0,239,11.0
06XX-0,82,10.0
06YA-0,145,6.0
06YB-0,121,52.0
06YD-0,55,
06YE-0,367,22.0
06YF-0,405,7.0
06YI-0,54,4.0
06YJ-0,199,2.0
06YK-0,309,
06YL-0,123,11.0
06YM-0,208,
06YN-0,154,6.0
06YO-0,191,6.0
06YP-0,137,2.0
06YQ-0,92,
06YR-0,112,2.0
06YT-0,154,10.0
06YU-0,44,
06YV-0,56,
06YX-0,119,16.0
06YY-0,93,
06YZ-0,133,
06ZA-0,214,1.0
06ZB-0,123,1.0
06ZC-0,293,7.0
06ZF-0,84,7.0
06ZH-0,209,6.0
06ZK-0,200,14.0
06ZL-0,50,
06ZN-0,399,40.0
06ZO-0,95,
06ZR-0,60,1.0
06ZS-0,55,1.0
06ZT-0,145,
06ZV-0,36,12.0
06ZX-0,54,4.0
06ZY-0,52,3.0
06ZZ-0,336,39.0
07AA-0,108,6.0
07AB-0,87,
07AD-0,56,16.0
07AE-0,158,1.0
07AF-0,182,22.0
07AH-0,249,55.0
07AI-0,129,2.0
07AJ-0,151,32.0
07AK-0,39,164.0
07AL-0,192,22.0
07AM-0,186,32.0
07AO-0,72,
07AP-0,68,1.0
07AR-0,54,2.0
07AU-0,133,4.0
07AV-0,115,4.0
07AZ-0,77,39.0
07BC-0,208,16.0
07BF-0,151,10.0
07BH-0,180,1.0
07BH-1,120,10.0
07BI-0,66,2.0
07BJ-0,157,4.0
07BK-0,77,1.0
07BL-0,103,4.0
07BN-0,192,2.0
07BO-0,106,39.0
07BP-0,74,7.0
07BR-0,269,7.0
07BS-0,52,
07BT-0,70,5.0
07BU-0,240,2.0
07BV-0,76,5.0
07BW-0,351,74.0
07BX-0,85,5.0
07BZ-0,102,4.0
07CA-0,127,59.0
07CB-0,110,1.0
07CC-0,280,16.0
07CF-0,77,7.0
07CI-0,50,4.0
07CJ-0,385,1.0
07CK-0,216,14.0
07CL-0,131,7.0
07CM-0,164,1.0
07CN-0,194,
07CO-0,127,3.0
07CP-0,238,22.0
07CQ-0,366,37.0
07CT-0,84,1.0
07CW-0,54,1.0
07CX-0,180,7.0
07CY-0,81,3.0
07DA-0,147,3.0
07DB-0,140,60.0
07DD-0,58,4.0
07DE-0,107,
07DF-0,176,4.0
07DG-0,209,1.0
07DH-0,71,
07DI-0,137,3.0
07DJ-0,280,38.0
07DK-0,79,3.0
07DL-0,211,18.0
07DM-0,189,1.0
07DN-0,82,
07DP-0,488,65.0
07DQ-0,241,
07DZ-0,145,4.0
07EC-0,438,31.0
07ED-0,104,1.0
07EE-0,92,4.0
07EF-0,168,12.0
07EG-0,249,17.0
07EI-0,591,25.0
07EJ-0,95,
07EK-0,90,
07EM-0,66,
07EN-0,137,
07EP-0,69,
07EQ-0,144,18.0
07ER-0,89,5.0
07ET-0,137,6.0
07EX-0,363,27.0
07FA-0,84,2.0
07FD-0,241,25.0
07FE-0,135,4.0
07FI-0,273,36.0
07FJ-0,97,1.0
07FK-0,120,13.0
07FL-0,157,6.0
07FM-0,313,3.0
07FU-0,178,
07FU-1,33,
07FY-0,151,71.0
07FZ-0,135,8.0
07GB-0,104,18.0
07GC-0,334,15.0
07GD-0,144,98.0
07GE-0,80,11.0
07GT-0,156,2.0
07GU-0,147,17.0
07GY-0,225,10.0
07HL-0,252,14.0
07HN-0,172,
07HO-0,89,
07HP-0,92,1.0
07HQ-0,92,67.0
07HV-0,241,24.0
07HX-0,94,
07IA-0,141,1.0
07IH-0,125,85.0
07IJ-0,134,4.0
07IK-0,198,1.0
07IL-0,84,
07IM-0,122,2.0
07IP-0,124,1.0
07IV-0,401,4.0
07IX-0,461,174.0
07IY-0,139,11.0
07IZ-0,60,
07JC-0,184,4.0
07JE-0,233,4.0
07JG-0,326,34.0
07JH-0,150,81.0
07JK-0,199,45.0
07JM-0,259,6.0
07JN-0,284,
07JQ-0,146,
07JR-0,130,20.0
07JU-0,225,9.0
07JV-0,79,2.0
07JX-0,132,
07KA-0,228,2.0
07KB-0,163,
07KC-0,162,10.0
07KD-0,467,1.0
07KE-0,306,49.0
07KF-0,131,9.0
07KG-0,153,3.0
07KH-0,162,20.0
07KI-0,85,1.0
07KJ-0,161,27.0
07KK-0,51,
07KL-0,150,
07KN-0,210,3.0
07KO-0,95,6.0
07KQ-0,186,3.0
07KQ-1,54,
07KR-0,276,
07KS-0,143,8.0
07KT-0,141,4.0
07KU-0,135,
07KV-0,501,
07KX-0,173,11.0
07KY-0,200,
07KZ-0,78,
07LA-0,395,10.0
07LB-0,59,3.0
07LC-0,119,2.0
07LD-0,270,
07LF-0,93,
07LH-0,205,3.0
07LI-0,137,6.0
07LK-0,138,21.0
07LM-0,172,7.0
07LN-0,299,38.0
07LO-0,97,4.0
07LP-0,91,18.0
07LR-0,66,2.0
07LS-0,369,
07LT-0,423,7.0
07LU-0,59,24.0
07LV-0,106,
07LW-0,259,120.0
07LX-0,195,15.0
07LY-0,168,85.0
07LZ-0,144,35.0
07MB-0,214,6.0
07MC-0,224,2.0
07MD-0,51,19.0
07ME-0,86,5.0
07MF-0,255,
07MG-0,147,
07MH-0,123,31.0
07MJ-0,170,11.0
07MK-0,224,40.0
07ML-0,79,66.0
07MN-0,261,6.0
07MQ-0,396,
07MR-0,91,12.0
07MV-0,200,3.0
07MX-0,320,21.0
07MY-0,87,
07NA-0,248,17.0
07NB-0,203,3.0
07ND-0,270,10.0
07NE-0,195,3.0
07NF-0,243,48.0
07NG-0,81,5.0
07NH-0,191,21.0
07NI-0,99,1.0
07NJ-0,118,81.0
07NK-0,210,10.0
07NM-0,70,1.0
07NN-0,183,4.0
07NP-0,276,12.0
07NQ-0,253,
07NR-0,234,41.0
07NS-0,173,4.0
07NT-0,272,14.0
07NU-0,213,11.0
07NW-0,67,1.0
07NY-0,131,20.0
07NZ-0,69,3.0
07OA-0,121,9.0
07OB-0,325,29.0
07OC-0,219,2.0
07OD-0,93,3.0
07OE-0,211,
07OH-0,124,3.0
07OJ-0,143,23.0
07OK-0,163,
07OL-0,186,1.0
07OM-0,85,3.0
07OQ-0,244,68.0
07OT-0,222,23.0
07OV-0,378,13.0
07OW-0,252,
07OX-0,246,
07OY-0,199,6.0
07OZ-0,169,3.0
07PA-0,28,6.0
07PD-0,81,
07PE-0,92,6.0
07PF-0,211,24.0
07PH-0,216,2.0
07PI-0,129,6.0
07PJ-0,395,54.0
07PM-0,226,15.0
07PP-0,75,4.0
07PR-0,59,58.0
07PV-0,148,6.0
07PW-0,212,14.0
07QB-0,228,11.0
07QF-0,272,4.0
07QK-0,123,11.0
07QM-0,330,12.0
07QO-0,48,
07QP-0,113,2.0
07QQ-0,253,4.0
07QS-0,293,9.0
07QU-0,126,5.0
07QV-0,97,2.0
07QW-0,251,45.0
07QZ-0,198,18.0
07RC-0,222,5.0
07RE-0,172,12.0
07RF-0,85,
07RG-0,245,30.0
07RH-0,178,2.0
07RI-0,178,2.0
07RJ-0,163,
07RK-0,220,9.0
07RL-0,355,44.0
07RM-0,137,2.0
07RO-0,492,26.0
07RQ-0,142,121.0
07RS-0,317,39.0
07RV-0,370,21.0
07RY-0,199,
07RZ-0,39,2.0
07SC-0,209,28.0
07SE-0,199,4.0
07SG-0,352,26.0
07SH-0,376,7.0
07SI-0,159,6.0
07SL-0,135,
07SM-0,214,10.0
07SN-0,420,43.0
07SO-0,131,107.0
07SP-0,397,183.0
07SQ-0,158,20.0
07ST-0,194,39.0
07SY-0,94,27.0
07SZ-0,231,66.0
07TA-0,394,
07TB-0,102,3.0
07TC-0,122,2.0
07TE-0,202,30.0
07TH-0,459,28.0
07TJ-0,180,221.0
07TJ-2,70,98.0
07TK-0,293,104.0
07TM-0,120,63.0
07TN-0,261,21.0
07TO-0,347,44.0
07TP-0,213,8.0
07TR-0,285,8.0
07TT-0,209,75.0
07TV-0,143,60.0
07TX-0,104,
07TY-0,25,81.0
07TZ-0,163,3.0
07UA-0,103,43.0
07UC-0,49,1.0
07UD-0,194,22.0
07UF-0,471,34.0
07UG-0,174,17.0
07UH-0,300,50.0
07UK-0,255,23.0
07UN-0,190,27.0
07UO-0,116,137.0
07UQ-0,401,19.0
07UR-0,269,12.0
07US-0,286,19.0
07UU-0,105,88.0
07UV-0,229,5.0
07UX-0,366,32.0
07UY-0,347,12.0
07VA-0,163,4.0
07VC-0,317,23.0
07VD-0,156,
07VE-0,186,8.0
07VH-0,30,
07VI-0,341,2.0
07VK-0,345,25.0
07VM-0,271,5.0
07VO-0,205,9.0
07VP-0,369,11.0
07VS-0,392,6.0
07VT-0,169,20.0
07VU-0,206,36.0
07VV-0,154,13.0
07VW-0,74,142.0
07VX-0,161,37.0
07VZ-0,127,18.0
07WF-0,346,1.0
07WG-0,152,1.0
07WK-0,137,6.0
07WM-0,110,
07WN-0,156,9.0
07WO-0,104,2.0
07WP-0,48,2.0
07WQ-0,58,3.0
07WT-0,760,45.0
07WV-0,122,42.0
07WX-0,180,14.0
07WY-0,487,98.0
07WZ-0,78,3.0
07XB-0,73,
07XC-0,240,
07XG-0,178,2.0
07XH-0,185,1.0
07XI-0,186,14.0
07XL-0,123,11.0
07XM-0,137,4.0
07XN-0,68,3.0
07XO-0,315,
07XP-0,211,
07XQ-0,104,17.0
07XS-0,100,6.0
07XV-0,163,19.0
07XX-0,281,
07XY-0,95,2.0
07YA-0,102,
07YC-0,282,
07YD-0,202,
07YE-0,79,7.0
07YK-0,105,
07YM-0,74,
07YN-0,352,2.0
07YO-0,206,26.0
07YP-0,173,
07YQ-0,182,9.0
07YR-0,69,16.0
07YS-0,99,6.0
07YW-0,172,5.0
07YY-0,144,2.0
07YZ-0,185,1.0
07ZB-0,124,1.0
07ZC-0,365,9.0
07ZE-0,62,1.0
07ZG-0,144,5.0
07ZH-0,115,
07ZJ-0,68,
07ZL-0,168,5.0
07ZN-0,53,
07ZO-0,100,5.0
07ZP-0,187,3.0
07ZQ-0,161,2.0
07ZS-0,134,3.0
07ZT-0,82,1.0
07ZU-0,172,
07ZX-0,148,
07ZY-0,228,4.0
07ZZ-0,190,
08AB-0,155,4.0
08AD-0,192,19.0
08AE-0,324,32.0
08AF-0,114,8.0
08AG-0,120,
08AI-0,63,
08AK-0,155,4.0
08AL-0,44,2.0
08AM-0,301,91.0
08AO-0,66,103.0
08AP-0,256,9.0
08AS-0,166,4.0
08AU-0,94,5.0
08AV-0,146,
08AW-0,175,20.0
08AX-0,100,2.0
08AY-0,56,
08AZ-0,37,
08BC-0,91,7.0
08BD-0,107,5.0
08BF-0,528,1.0
08BH-0,217,2.0
08BI-0,130,4.0
08BJ-0,186,3.0
08BK-0,354,1.0
08BL-0,60,6.0
08BM-0,143,
08BO-0,120,7.0
08BP-0,66,
08BQ-0,56,
08BS-0,130,2.0
08BU-0,159,7.0
08BV-0,73,4.0
08BW-0,97,1.0
08BY-0,88,3.0
08BZ-0,365,26.0
08CA-0,374,50.0
08CB-0,441,27.0
08CC-0,59,2.0
08CD-0,266,
08CE-0,233,7.0
08CF-0,345,62.0
08CI-0,374,
08CJ-0,224,73.0
08CK-0,265,65.0
08CL-0,182,54.0
08CM-0,213,1.0
08CM-1,177,1.0
08CN-0,218,18.0
08CO-0,127,47.0
08CP-0,342,247.0
08CQ-0,241,4.0
08CT-0,63,
08CW-0,81,
08CX-0,172,
08CY-0,153,10.0
08DC-0,45,
08DD-0,52,2.0
08DE-0,64,14.0
08DF-0,242,10.0
08DF-1,34,1.0
08DH-0,183,
08DI-0,103,11.0
08DJ-0,122,13.0
08DM-0,379,41.0
08DN-0,45,
08DV-0,44,
08DX-0,107,37.0
08DZ-0,225,17.0
08EA-0,47,
08EC-0,14,
08EE-0,520,8.0
08EM-0,75,44.0
08EN-0,115,73.0
08EO-0,278,20.0
08ER-0,61,5.0
08EU-0,120,7.0
08EV-0,122,17.0
08EW-0,233,94.0
08EY-0,295,20.0
08EZ-0,89,9.0
08FA-0,81,11.0
08FC-0,121,2.0
08FE-0,94,2.0
08FE-1,99,26.0
08FF-0,330,34.0
08FG-0,46,7.0
08FH-0,145,7.0
08FI-0,77,1.0
08FJ-0,105,3.0
08FQ-0,129,10.0
08FS-0,131,20.0
08FU-0,312,18.0
08FW-0,100,18.0
08FX-0,116,3.0
08GE-0,226,21.0
08GF-0,201,14.0
08GH-0,228,25.0
08GN-0,52,116.0
08GQ-0,108,1.0
08GW-0,79,13.0
08GX-0,258,8.0
08GY-0,260,5.0
08GZ-0,99,11.0
08HA-0,246,12.0
08HD-0,210,31.0
08HK-0,75,3.0
08HM-0,87,3.0
08HN-0,132,39.0
08HP-0,312,22.0
08HQ-0,246,11.0
08IB-0,173,15.0
08IC-0,128,3.0
08IE-0,178,34.0
08IF-0,65,24.0
08IH-0,376,27.0
08IN-0,178,5.0
08IR-0,507,128.0
08IS-0,116,12.0
08IT-0,226,50.0
08IV-0,62,4.0
08IW-0,77,
08JC-0,261,9.0
08JE-0,138,7.0
08JF-0,412,5.0
08JH-0,376,
08JJ-0,44,3.0
08JL-0,277,
08JM-0,65,
08JO-0,423,66.0
08JP-0,169,16.0
08JS-0,314,4.0
08JT-0,71,87.0
08JU-0,246,22.0
08JV-0,150,129.0
08JW-0,59,103.0
08JY-0,453,35.0
08JZ-0,301,22.0
08KA-0,89,40.0
08KC-0,66,168.0
08KD-0,380,17.0
08KE-0,53,
08KF-0,75,9.0
08KH-0,217,5.0
08KI-0,179,40.0
08KJ-0,284,5.0
08KK-0,105,73.0
08KN-0,67,9.0
08KO-0,205,24.0
08KP-0,74,11.0
08KQ-0,171,20.0
08KR-0,94,44.0
08KT-0,211,35.0
08KU-0,131,6.0
08KV-0,94,27.0
08KX-0,110,2.0
08LA-0,61,4.0
08LC-0,151,250.0
08LE-0,688,42.0
08LH-0,213,7.0
08LJ-0,205,7.0
08LL-0,240,
08LM-0,203,
08LQ-0,311,33.0
08LR-0,235,24.0
08LS-0,391,5.0
08LV-0,186,8.0
08LY-0,192,5.0
08LZ-0,127,6.0
08MB-0,114,13.0
08MD-0,156,12.0
08ME-0,271,7.0
08MF-0,298,12.0
08MJ-0,95,32.0
08MK-0,36,106.0
08MN-0,159,2.0
08MO-0,187,6.0
08MQ-0,49,
08MR-0,40,1.0
08MS-0,109,2.0
08MU-0,235,15.0
08MV-0,224,6.0
08MW-0,240,52.0
08MX-0,94,18.0
08MY-0,161,14.0
08NA-0,34,4.0
08NB-0,312,4.0
08NC-0,205,
08ND-0,78,2.0
08NF-0,257,50.0
08NH-0,123,14.0
08NI-0,490,2.0
08NJ-0,395,8.0
08NL-0,169,1.0
08NM-0,60,16.0
08NN-0,139,3.0
08NO-0,377,29.0
08NP-0,360,23.0
08NU-0,145,56.0
08NV-0,297,11.0
08NW-0,126,21.0
08NX-0,305,3.0
08NZ-0,602,50.0
08OD-0,246,8.0
08OF-0,515,21.0
08OM-0,343,8.0
08ON-0,51,41.0
08OQ-0,83,1.0
08OS-0,222,9.0
08OU-0,121,
08OW-0,130,7.0
08OX-0,121,19.0
08OY-0,216,9.0
08OZ-0,119,17.0
08PB-0,232,2.0
08PE-0,250,5.0
08PF-0,190,1.0
08PH-0,147,2.0
08PI-0,171,
08PJ-0,241,10.0
08PK-0,37,
08PM-0,156,1.0
08PO-0,193,6.0
08PP-0,223,12.0
08PR-0,56,
08PV-0,201,18.0
08PW-0,90,4.0
08PY-0,50,
08QB-0,157,242.0
08QG-0,109,
08QH-0,144,11.0
08QM-0,37,
08QN-0,253,3.0
08QO-0,301,24.0
08QP-0,141,13.0
08QS-0,251,13.0
08QU-0,323,31.0
08QW-0,182,71.0
08QX-0,97,3.0
08RA-0,127,3.0
08RC-0,374,21.0
08RD-0,227,11.0
08RK-0,224,
08RL-0,362,
08RM-0,411,3.0
08RN-0,299,14.0
08RO-0,353,50.0
08RP-0,159,19.0
08RQ-0,226,7.0
08RR-0,83,
08RU-0,325,9.0
08SE-0,122,18.0
08SL-0,105,1.0
08SP-0,274,55.0
08SQ-0,281,5.0
08SV-0,122,2.0
08SW-0,182,4.0
08SX-0,157,7.0
08SY-0,43,38.0
08SY-1,47,20.0
08TE-0,211,102.0
08TI-0,69,2.0
08TJ-0,146,17.0
08TK-0,145,7.0
08TL-0,102,6.0
08TM-0,422,6.0
08TN-0,214,18.0
08TO-0,209,12.0
08TV-0,253,10.0
08UA-0,92,3.0
08UC-0,198,12.0
08UD-0,121,2.0
08UJ-0,33,
08UN-0,166,17.0
08UO-0,295,24.0
08UP-0,86,41.0
08US-0,151,
08UT-0,23,113.0
08UU-0,420,1.0
08UW-0,106,12.0
08UX-0,318,2.0
08UY-0,224,75.0
08VA-0,200,37.0
08VB-0,259,1.0
08VC-0,199,13.0
08VE-0,171,2.0
08VG-0,247,13.0
08VH-0,144,12.0
08VI-0,146,16.0
08VK-0,169,56.0
08VL-0,115,4.0
08VM-0,224,32.0
08VN-0,224,1.0
08VO-0,212,18.0
08VP-0,372,33.0
08VQ-0,98,4.0
08VR-0,208,16.0
08VS-0,139,1.0
08VT-0,331,21.0
08VV-0,77,
08VW-0,130,1.0
08VY-0,118,3.0
08VZ-0,191,4.0
08WB-0,212,11.0
08WC-0,164,99.0
08WD-0,239,3.0
08WF-0,128,13.0
08WG-0,245,8.0
08WG-1,70,1.0
08WH-0,157,22.0
08WK-0,178,3.0
08WK-1,118,18.0
08WM-0,57,1.0
08WO-0,103,
08WQ-0,504,39.0
08WR-0,488,12.0
08WS-0,209,8.0
08WT-0,201,47.0
08WU-0,102,22.0
08WV-0,143,
08WW-0,289,16.0
08WY-0,349,14.0
08XB-0,265,9.0
08XC-0,295,26.0
08XD-0,76,3.0
08XF-0,202,
08XG-0,319,11.0
08XH-0,470,18.0
08XI-0,365,3.0
08XJ-0,225,3.0
08XL-0,40,20.0
08XM-0,84,26.0
08XR-0,166,172.0
08XS-0,202,11.0
08XT-0,263,8.0
08XV-0,261,34.0
08YA-0,156,
08YB-0,435,7.0
08YE-0,204,26.0
08YI-0,261,11.0
08YK-0,161,31.0
08YM-0,330,10.0
08YN-0,371,20.0
08YO-0,420,32.0
08YP-0,371,14.0
08YR-0,271,
08YS-0,88,6.0
08YT-0,195,5.0
08YU-0,490,45.0
08YV-0,341,7.0
08YZ-0,183,9.0
08ZB-0,117,2.0
08ZC-0,166,28.0
08ZD-0,179,14.0
08ZE-0,67,120.0
08ZG-0,143,23.0
08ZI-0,327,12.0
08ZK-0,253,10.0
08ZL-0,221,2.0
08ZN-0,179,33.0
08ZO-0,54,64.0
08ZS-0,206,76.0
08ZT-0,204,13.0
08ZU-0,279,54.0
08ZV-0,298,5.0
08ZW-0,198,6.0
08ZX-0,340,7.0
09AA-0,245,28.0
09AB-0,305,15.0
09AC-0,206,24.0
09AE-0,381,68.0
09AF-0,276,2.0
09AG-0,61,57.0
09AH-0,454,29.0
09AI-0,56,
09AJ-0,119,2.0
09AK-0,166,2.0
09AM-0,188,15.0
09AO-0,337,23.0
09AP-0,390,8.0
09AR-0,90,22.0
09AS-0,216,39.0
09AT-0,407,44.0
09AU-0,76,2.0
09AW-0,366,25.0
09AY-0,178,23.0
09AZ-0,260,1.0
09BA-0,308,10.0
09BB-0,325,3.0
09BC-0,156,1.0
09BD-0,129,104.0
09BE-0,211,4.0
09BH-0,263,23.0
09BJ-0,147,33.0
09BK-0,207,11.0
09BL-0,243,10.0
09BO-0,143,32.0
09BP-0,391,5.0
09BR-0,221,5.0
09BS-0,339,11.0
09BT-0,176,7.0
09BV-0,148,6.0
09BX-0,212,7.0
09BY-0,155,59.0
09CA-0,199,9.0
09CB-0,360,5.0
09CD-0,172,1.0
09CE-0,181,3.0
09CH-0,78,1.0
09CJ-0,82,14.0
09CL-0,165,29.0
09CO-0,217,
09CP-0,103,
09CR-0,99,
09CS-0,131,4.0
09CT-0,136,1.0
09CU-0,204,6.0
09CV-0,349,17.0
09CW-0,299,34.0
09CY-0,195,6.0
09CZ-0,300,5.0
09DB-0,159,2.0
09DC-0,137,17.0
09DD-0,450,51.0
09DE-0,204,15.0
09DF-0,595,5.0
09DH-0,531,9.0
09DI-0,213,10.0
09DL-0,375,17.0
09DN-0,32,
09DO-0,113,19.0
09DP-0,54,
09DQ-0,103,34.0
09DS-0,189,19.0
09DT-0,291,18.0
09DV-0,86,11.0
09DW-0,139,15.0
09ED-0,51,
09EE-0,137,16.0
09EG-0,40,
09EI-0,61,2.0
09ES-0,35,40.0
09ET-0,103,18.0
09EU-0,77,3.0
09EV-0,102,
09EZ-0,242,13.0
09FB-0,168,29.0
09FC-0,100,4.0
09FD-0,219,23.0
09FE-0,152,
09FF-0,157,2.0
09FH-0,91,
09FM-0,26,1.0
09FN-0,82,
09FN-1,27,
09FO-0,77,2.0
09FV-0,205,4.0
09FW-0,140,18.0
09FX-0,471,13.0
09FY-0,352,9.0
09GA-0,294,7.0
09GB-0,208,7.0
09GJ-0,256,25.0
09GK-0,200,12.0
09GM-0,480,82.0
09GN-0,71,4.0
09GQ-0,51,104.0
09GT-0,165,13.0
09HB-0,57,
09HC-0,29,63.0
09HC-1,45,3.0
09HF-0,144,
09HG-0,28,
09HH-0,113,
09HI-0,54,41.0
09HP-0,101,4.0
09HT-0,59,2.0
09HW-0,34,
09HX-0,242,19.0
09HY-0,120,18.0
09IE-0,281,52.0
09IF-0,117,1.0
09IH-0,417,59.0
09IJ-0,108,3.0
09IP-0,189,
09IQ-0,365,14.0
09IR-0,484,
09IS-0,33,32.0
09IT-0,130,61.0
09IV-0,57,6.0
09IW-0,42,
09JB-0,119,46.0
09JE-0,288,5.0
09JG-0,157,
09JH-0,210,
09JI-0,222,
09JJ-0,257,6.0
09JK-0,218,
09JL-0,129,3.0
09JN-0,373,13.0
09JP-0,151,76.0
09JQ-0,220,6.0
09JT-0,94,58.0
09JU-0,263,14.0
09JV-0,133,69.0
09JX-0,139,3.0
09JY-0,71,111.0
09JZ-0,391,34.0
09KA-0,145,3.0
09KD-0,365,30.0
09KF-0,567,8.0
09KG-0,219,8.0
09KH-0,205,13.0
09KK-0,288,12.0
09KL-0,48,3.0
09KN-0,72,4.0
09KO-0,153,15.0
09KQ-0,191,6.0
09KS-0,194,7.0
09KU-0,258,34.0
09KV-0,199,12.0
09KW-0,112,2.0
09KZ-0,281,14.0
09LC-0,113,3.0
09LD-0,157,12.0
09LF-0,359,60.0
09LJ-0,96,94.0
09LK-0,81,5.0
09LL-0,293,19.0
09LM-0,327,28.0
09LN-0,202,8.0
09LO-0,272,13.0
09LP-0,246,165.0
09LQ-0,246,1.0
09LR-0,154,22.0
09LS-0,279,6.0
09LU-0,249,39.0
09LW-0,208,9.0
09LZ-0,291,5.0
09MF-0,276,43.0
09MG-0,185,15.0
09MH-0,339,
09MJ-0,270,10.0
09MK-0,84,
09ML-0,185,13.0
09MN-0,89,83.0
09MO-0,214,1.0
09MP-0,291,3.0
09MQ-0,290,9.0
09MS-0,192,15.0
09MT-0,190,55.0
09MU-0,237,35.0
09MX-0,259,9.0
09MY-0,77,69.0
09MZ-0,204,
09NC-0,342,22.0
09ND-0,111,
09NG-0,225,4.0
09NH-0,386,6.0
09NJ-0,167,19.0
09NN-0,199,13.0
09NN-1,204,7.0
09NO-0,177,4.0
09NT-0,243,14.0
09NW-0,127,16.0
09NZ-0,449,1.0
09OA-0,110,10.0
09OB-0,234,25.0
09OD-0,221,9.0
09OF-0,180,7.0
09OV-0,180,20.0
09PB-0,178,1.0
09PD-0,308,63.0
09PE-0,141,33.0
09PF-0,356,13.0
09PH-0,115,4.0
09PI-0,227,1.0
09PJ-0,90,2.0
09PM-0,203,2.0
09PV-0,298,1.0
09PX-0,573,24.0
09PZ-0,162,36.0
09PZ-1,25,
09QA-0,196,13.0
09QC-0,123,15.0
09QG-0,212,2.0
09QJ-0,133,9.0
09QP-0,61,20.0
09QQ-0,182,4.0
09QR-0,243,3.0
09QY-0,191,43.0
09QZ-0,166,22.0
09RA-0,57,19.0
09RG-0,354,43.0
09RO-0,39,
09RP-0,79,3.0
09RQ-0,184,14.0
09RR-0,47,
09RS-0,49,1.0
09RU-0,114,21.0
09SF-0,288,21.0
09SG-0,82,9.0
09SQ-0,221,5.0
09ST-0,74,70.0
09SW-0,159,77.0
09SX-0,209,11.0
09SY-0,55,30.0
09TB-0,238,30.0
09TC-0,54,106.0
09TE-0,199,
09TG-0,254,63.0
09TH-0,93,4.0
09TI-0,196,4.0
09TJ-0,222,2.0
09TM-0,122,13.0
09TP-0,233,68.0
09TV-0,348,
09TW-0,177,23.0
09TX-0,92,12.0
09TY-0,193,
09TZ-0,410,3.0
09UA-0,151,3.0
09UD-0,282,13.0
09UE-0,267,
09UG-0,308,1.0
09UH-0,212,9.0
09UI-0,239,4.0
09UJ-0,223,19.0
09UK-0,340,93.0
09UL-0,252,99.0
09UN-0,233,8.0
09UO-0,374,25.0
09UQ-0,346,2.0
09US-0,280,4.0
09UT-0,54,2.0
09UU-0,295,16.0
09UW-0,143,7.0
09UY-0,265,7.0
09VB-0,88,160.0
09VE-0,99,111.0
09VH-0,208,2.0
09VI-0,428,9.0
09VJ-0,224,14.0
09VO-0,94,31.0
09VP-0,324,16.0
09VR-0,542,119.0
09VU-0,151,1.0
09VY-0,46,81.0
09VZ-0,240,58.0
09WB-0,67,53.0
09WD-0,212,11.0
09WE-0,322,4.0
09WF-0,288,13.0
09WH-0,152,10.0
09WL-0,242,57.0
09WM-0,280,8.0
09WN-0,349,
09WO-0,197,25.0
09WP-0,258,15.0
09WS-0,146,38.0
09WT-0,382,27.0
09WU-0,115,32.0
09WW-0,172,72.0
09WX-0,78,5.0
09WY-0,64,79.0
09XA-0,133,15.0
09XB-0,215,9.0
09XC-0,526,17.0
09XD-0,117,1.0
09XF-0,433,66.0
09XH-0,97,31.0
09XI-0,56,32.0
09XJ-0,73,1.0
09XL-0,350,75.0
09XO-0,261,9.0
09XP-0,132,3.0
09XR-0,152,11.0
09XS-0,86,44.0
09XW-0,187,18.0
09XZ-0,240,3.0
09YB-0,239,5.0
09YE-0,292,16.0
09YF-0,163,3.0
09YG-0,130,23.0
09YH-0,293,4.0
09YI-0,75,3.0
09YJ-0,227,4.0
09YM-0,173,23.0
09YN-0,177,11.0
09YO-0,348,22.0
09YP-0,196,3.0
09YQ-0,184,5.0
09YR-0,340,13.0
09YS-0,141,68.0
09YT-0,191,30.0
09YU-0,410,4.0
09YW-0,156,74.0
09YY-0,241,3.0
09YZ-0,134,
09ZA-0,71,
09ZD-0,266,2.0
09ZF-0,423,3.0
09ZG-0,374,5.0
09ZH-0,349,43.0
09ZI-0,32,39.0
09ZJ-0,110,
09ZN-0,40,2.0
09ZO-0,70,
09ZP-0,194,14.0
09ZQ-0,364,13.0
09ZS-0,63,3.0
09ZU-0,150,35.0
09ZZ-0,60,18.0
10AA-0,44,1.0
10AB-0,241,6.0
10AC-0,181,25.0
10AD-0,150,7.0
10AE-0,106,15.0
10AF-0,166,70.0
10AG-0,144,16.0
10AH-0,197,17.0
10AR-0,395,26.0
10AS-0,63,
10AV-0,117,6.0
10AZ-0,223,80.0
10BA-0,508,60.0
10BD-0,52,
10BE-0,179,12.0
10BF-0,27,
10BG-0,130,5.0
10BG-1,76,3.0
10BH-0,104,84.0
10BI-0,103,6.0
10BJ-0,69,8.0
10BK-0,213,1.0
10BP-0,230,3.0
10BR-0,177,58.0
10BS-0,59,7.0
10BV-0,36,87.0
10BZ-0,64,71.0
10CF-0,89,12.0
10CH-0,302,31.0
10CI-0,227,39.0
10CJ-0,60,7.0
10CO-0,104,5.0
10CR-0,74,41.0
10CS-0,192,22.0
10CT-0,125,6.0
10CU-0,182,27.0
10CV-0,186,14.0
10CY-0,65,
10DA-0,190,27.0
10DC-0,160,8.0
10DE-0,176,11.0
10DF-0,268,12.0
10DG-0,81,
10DH-0,46,
10DI-0,55,49.0
10DK-0,82,
10DL-0,271,32.0
10DM-0,180,6.0
10DT-0,70,3.0
10DU-0,80,5.0
10DV-0,336,79.0
10DW-0,258,34.0
10DX-0,149,6.0
10DY-0,46,11.0
10EC-0,69,8.0
10EE-0,205,
10EF-0,333,3.0
10EG-0,204,25.0
10EH-0,221,7.0
10EJ-0,210,5.0
10EL-0,66,1.0
10ES-0,202,5.0
10EU-0,272,
10EW-0,36,57.0
10EY-0,108,7.0
10EZ-0,62,193.0
10FF-0,198,51.0
10FG-0,118,11.0
10FH-0,325,7.0
10FI-0,317,15.0
10FJ-0,222,12.0
10FL-0,203,3.0
10FM-0,175,118.0
10FN-0,109,18.0
10FO-0,100,150.0
10FQ-0,297,28.0
10FU-0,73,107.0
10FW-0,248,6.0
10FX-0,93,
10FY-0,186,7.0
10FZ-0,370,277.0
10GA-0,179,14.0
10GB-0,249,5.0
10GD-0,240,3.0
10GE-0,392,74.0
10GK-0,285,72.0
10GL-0,61,154.0
10GM-0,158,3.0
10GP-0,264,90.0
10GQ-0,39,
10GR-0,174,13.0
10GT-0,132,8.0
10GZ-0,249,61.0
10HA-0,222,19.0
10HB-0,310,10.0
10HD-0,211,14.0
10HE-0,158,34.0
10HF-0,262,7.0
10HG-0,120,58.0
10HK-0,148,35.0
10HM-0,122,22.0
10HN-0,102,10.0
10HO-0,355,5.0
10HR-0,67,1.0
10HT-0,295,
10HU-0,120,4.0
10HV-0,772,32.0
10HX-0,61,117.0
10HY-0,269,17.0
10HZ-0,299,14.0
10IC-0,157,4.0
10ID-0,86,18.0
10IE-0,167,38.0
10IJ-0,328,25.0
10IK-0,251,
10IL-0,127,8.0
10IM-0,205,1.0
10IU-0,238,26.0
10IW-0,154,8.0
10IY-0,111,
10JF-0,130,28.0
10JH-0,200,17.0
10JJ-0,304,13.0
10JK-0,402,7.0
10JL-0,380,29.0
10JM-0,111,1.0
10JN-0,306,7.0
10JO-0,251,6.0
10JP-0,74,81.0
10JT-0,197,
10JT-1,177,3.0
10JU-0,267,24.0
10JX-0,152,2.0
10KB-0,140,31.0
10KD-0,96,20.0
10KE-0,391,1.0
10KI-0,105,54.0
10KN-0,264,13.0
10KP-0,189,3.0
10KQ-0,281,11.0
10KS-0,196,5.0
10KW-0,297,7.0
10KX-0,37,35.0
10KZ-0,47,
10LI-0,216,5.0
10LK-0,169,
10LM-0,172,6.0
10LV-0,81,
10LX-0,79,11.0
10LY-0,97,8.0
10MA-0,143,8.0
10MB-0,79,18.0
10ME-0,239,33.0
10MI-0,521,21.0
10MM-0,71,138.0
10MO-0,235,24.0
10MP-0,210,
10MR-0,135,24.0
10MT-0,44,1.0
10MV-0,290,31.0
10MX-0,276,22.0
10MX-1,61,2.0
10MY-0,222,165.0
10MZ-0,360,79.0
10NA-0,270,57.0
10NB-0,211,12.0
10NC-0,212,3.0
10NH-0,253,
10NK-0,122,5.0
10NL-0,232,24.0
10NM-0,338,55.0
10NN-0,200,3.0
10NO-0,109,2.0
10NP-0,317,26.0
10NS-0,91,9.0
10NW-0,133,
10NY-0,127,10.0
10NZ-0,186,24.0
10OA-0,266,
10OC-0,212,11.0
10OD-0,95,149.0
10OE-0,195,20.0
10OF-0,221,20.0
10OK-0,185,5.0
10OP-0,402,16.0
10OR-0,169,14.0
10OU-0,421,51.0
10OV-0,215,13.0
10OW-0,103,60.0
10OY-0,233,6.0
10PA-0,281,5.0
10PB-0,208,15.0
10PC-0,317,23.0
10PE-0,233,25.0
10PF-0,55,13.0
10PG-0,283,30.0
10PG-1,56,
10PI-0,513,75.0
10PM-0,188,
10PN-0,146,16.0
10PO-0,55,12.0
10PS-0,202,67.0
10PT-0,211,8.0
10PW-0,260,6.0
10PX-0,279,24.0
10PY-0,210,19.0
10PZ-0,217,15.0
10QA-0,116,52.0
10QB-0,74,
10QC-0,422,34.0
10QE-0,163,19.0
10QF-0,95,7.0
10QL-0,235,4.0
10QM-0,159,6.0
10QO-0,58,1.0
10QP-0,171,3.0
10QQ-0,154,
10QR-0,146,2.0
10QS-0,246,57.0
10QX-0,400,117.0
10QX-2,78,30.0
10QY-0,164,28.0
10QZ-0,169,
10RA-0,322,62.0
10RC-0,305,53.0
10RD-0,211,4.0
10RE-0,229,6.0
10RF-0,345,16.0
10RG-0,141,
10RH-0,91,1.0
10RI-0,231,7.0
10RJ-0,61,24.0
10RK-0,512,9.0
10RL-0,341,55.0
10RN-0,128,4.0
10RO-0,233,30.0
10RR-0,66,2.0
10RS-0,77,2.0
10RY-0,39,3.0
10SG-0,96,6.0
10SH-0,76,14.0
10SO-0,148,11.0
10SO-1,152,12.0
10SX-0,386,27.0
10SZ-0,195,15.0
10TA-0,127,6.0
10TB-0,95,
10TC-0,48,
10TE-0,44,
10TH-0,102,
10TO-0,94,32.0
10TP-0,53,
10TR-0,192,20.0
10TT-0,148,23.0
10UA-0,118,19.0
10UB-0,132,65.0
10UD-0,32,3.0
10UF-0,31,100.0
10UG-0,312,36.0
10UJ-0,204,20.0
10UK-0,43,81.0
10UN-0,206,13.0
10UP-0,181,22.0
10UU-0,105,4.0
10UV-0,97,18.0
10UW-0,164,11.0
10UZ-0,226,9.0
10VA-0,280,6.0
10VB-0,154,7.0
10VC-0,108,2.0
10VD-0,48,67.0
10VH-0,276,11.0
10VK-0,149,35.0
10VM-0,150,17.0
10VP-0,381,45.0
10VR-0,1,31.0
10VU-0,186,
10VV-0,105,2.0
10WF-0,240,121.0
10WG-0,282,50.0
10WH-0,83,131.0
10WI-0,293,73.0
10WN-0,163,4.0
10WO-0,178,17.0
10WQ-0,63,17.0
10WT-0,278,136.0
10WU-0,361,12.0
10WW-0,430,51.0
10XB-0,162,37.0
10XC-0,105,18.0
10XE-0,226,20.0
10XF-0,244,49.0
10XJ-0,368,55.0
10XK-0,139,53.0
10XM-0,262,111.0
10XO-0,284,20.0
10XP-0,64,
10XR-0,428,19.0
10XS-0,295,19.0
10XU-0,123,17.0
10XV-0,331,8.0
10YA-0,73,6.0
10YD-0,65,
10YE-0,321,15.0
10YF-0,294,5.0
10YG-0,330,32.0
10YH-0,90,
10YI-0,129,19.0
10YK-0,241,10.0
10YO-0,207,11.0
10YP-0,436,7.0
10YQ-0,119,
10YR-0,218,2.0
10YS-0,90,13.0
10YW-0,196,7.0
10YZ-0,212,9.0
10ZF-0,349,12.0
10ZI-0,113,28.0
10ZK-0,208,107.0
10ZM-0,187,14.0
10ZN-0,115,43.0
10ZO-0,162,5.0
10ZO-2,57,1.0
10ZS-0,103,7.0
10ZT-0,222,15.0
10ZU-0,122,7.0
10ZW-0,254,18.0
10ZY-0,286,12.0
10ZZ-0,203,5.0
11AK-0,34,
11AL-0,175,10.0
11AM-0,312,4.0
11AO-0,127,5.0
11AQ-0,384,63.0
11AT-0,108,104.0
11AV-0,244,3.0
11AY-0,587,9.0
11AZ-0,348,2.0
11BF-0,231,1.0
11BL-0,267,47.0
11BO-0,115,29.0
11BP-0,83,2.0
11BQ-0,218,45.0
11BS-0,409,18.0
11BT-0,51,63.0
11BU-0,143,19.0
11BW-0,293,87.0
11BY-0,147,61.0
11CA-0,286,2.0
11CB-0,107,15.0
11CC-0,78,53.0
11CD-0,146,5.0
11CE-0,227,8.0
11CF-0,510,5.0
11CG-0,272,45.0
11CJ-0,114,106.0
11CK-0,154,
11CM-0,198,18.0
11CO-0,120,
11CP-0,190,26.0
11CS-0,220,15.0
11CT-0,101,4.0
11CU-0,175,14.0
11CV-0,470,29.0
11CY-0,298,3.0
11CZ-0,136,19.0
11DA-0,104,4.0
11DE-0,220,38.0
11DG-0,47,70.0
11DH-0,80,9.0
11DN-0,94,
11DO-0,247,4.0
11DS-0,412,28.0
11DV-0,110,28.0
11DW-0,157,4.0
11DX-0,155,127.0
11DZ-0,62,
11ED-0,226,18.0
11EF-0,208,5.0
11EI-0,330,44.0
11EL-0,135,56.0
11EM-0,146,58.0
11EN-0,359,9.0
11EO-0,194,9.0
11ER-0,209,13.0
11EU-0,213,9.0
11EW-0,137,24.0
11EY-0,202,1.0
11FA-0,255,3.0
11FB-0,153,1.0
11FC-0,184,6.0
11FD-0,137,2.0
11FE-0,151,
11FG-0,210,25.0
11FI-0,146,6.0
11FK-0,169,22.0
11FL-0,95,33.0
11FM-0,140,37.0
11FO-0,172,9.0
11FQ-0,416,10.0
11FR-0,193,8.0
11FW-0,157,10.0
11FX-0,235,12.0
11FY-0,177,23.0
11FZ-0,62,59.0
11GC-0,125,17.0
11GF-0,111,5.0
11GH-0,310,8.0
11GK-0,47,2.0
11GM-0,181,2.0
11GR-0,88,1.0
11GS-0,30,6.0
11GT-0,140,7.0
11GX-0,171,25.0
11HC-0,203,53.0
11HD-0,176,26.0
11HD-1,106,3.0
11HH-0,47,
11HJ-0,105,5.0
11HK-0,211,16.0
11HN-0,116,14.0
11HR-0,228,44.0
11HS-0,99,2.0
11HS-1,44,
11HU-0,115,1.0
11HV-0,199,17.0
11HW-0,25,
11IF-0,172,38.0
11IH-0,141,19.0
11IJ-0,230,9.0
11IP-0,205,55.0
11IP-1,10,92.0
11IQ-0,304,6.0
11IR-0,38,4.0
11IS-0,54,10.0
11IZ-0,79,
11JA-0,161,4.0
11JD-0,205,21.0
11JJ-0,54,1.0
11JK-0,153,37.0
11JQ-0,134,14.0
11JR-0,67,
11JU-0,152,25.0
11JV-0,206,61.0
11JX-0,256,3.0
11KB-0,94,1.0
11KC-0,265,145.0
11KG-0,184,22.0
11KJ-0,312,40.0
11KM-0,244,8.0
11KN-0,106,61.0
11KO-0,120,2.0
11KQ-0,330,50.0
11KR-0,174,31.0
11KS-0,321,17.0
11KW-0,112,12.0
11LE-0,269,65.0
11LF-0,260,30.0
11LG-0,554,39.0
11LH-0,188,16.0
11LI-0,193,64.0
11LJ-0,202,
11LK-0,62,
11LL-0,194,105.0
11LO-0,291,
11LP-0,311,10.0
11LR-0,230,9.0
11LS-0,155,12.0
11LT-0,43,
11LX-0,239,33.0
11LY-0,218,71.0
11MA-0,203,6.0
11MB-0,144,3.0
11MC-0,172,19.0
11MD-0,160,7.0
11MG-0,90,12.0
11MI-0,234,17.0
11MK-0,191,11.0
11MN-0,239,5.0
11MO-0,139,44.0
11MP-0,251,69.0
11MQ-0,335,46.0
11MR-0,311,98.0
11MS-0,158,92.0
11MW-0,180,22.0
11MZ-0,476,6.0
11NE-0,267,1.0
11NH-0,156,4.0
11NM-0,205,2.0
11NT-0,75,
11NU-0,53,10.0
11OA-0,51,14.0
11OA-3,54,
11OA-4,17,6.0
11OB-0,108,43.0
11OC-0,53,90.0
11OD-0,30,112.0
11OE-0,41,14.0
11OH-0,257,41.0
11OJ-0,180,55.0
11ON-0,106,11.0
11OR-0,132,36.0
11OS-0,269,22.0
11OT-0,231,26.0
11OU-0,163,
11OW-0,214,2.0
11OX-0,355,21.0
11PD-0,321,28.0
11PE-0,188,5.0
11PJ-0,181,7.0
11PL-0,295,1.0
11PM-0,234,2.0
11PN-0,348,94.0
11PP-0,181,15.0
11PS-0,228,70.0
11PT-0,367,14.0
11PW-0,66,145.0
11QB-0,278,35.0
11QC-0,131,14.0
11QD-0,181,13.0
11QG-0,130,5.0
11QH-0,332,22.0
11QK-0,236,17.0
11QL-0,212,
11QN-0,75,
11QO-0,77,101.0
11QQ-0,183,15.0
11QT-0,195,9.0
11QU-0,325,5.0
11QV-0,164,121.0
11QW-0,339,18.0
11QX-0,190,27.0
11QY-0,346,28.0
11QZ-0,230,6.0
11RD-0,167,8.0
11RF-0,96,1.0
11RG-0,323,68.0
11RH-0,166,10.0
11RI-0,269,
11RJ-0,187,16.0
11RK-0,219,26.0
11RL-0,193,19.0
11RO-0,271,1.0
11RP-0,228,18.0
11RR-0,73,21.0
11RS-0,174,17.0
11RT-0,295,48.0
11RU-0,25,77.0
11RW-0,94,7.0
11RX-0,95,10.0
11RY-0,214,9.0
11RZ-0,286,101.0
11SI-0,254,44.0
11SJ-0,76,130.0
11SK-0,232,5.0
11SO-0,59,5.0
11SX-0,191,4.0
11SY-0,275,15.0
11TC-0,25,
11TD-0,64,2.0
11TI-0,54,2.0
11TN-0,40,
11TQ-0,93,
11TR-0,302,25.0
11TX-0,198,36.0
11TY-0,91,13.0
11TZ-0,115,2.0
11UA-0,74,1.0
11UB-0,96,81.0
11UD-0,76,54.0
11UH-0,118,50.0
11UJ-0,66,
11UM-0,128,13.0
11UN-0,64,1.0
11UO-0,189,9.0
11UQ-0,100,
11UQ-1,55,
11UR-0,45,
11UY-0,164,69.0
11UZ-0,100,1.0
11VA-0,61,12.0
11VF-0,213,7.0
11VJ-0,185,6.0
11VK-0,189,19.0
11VM-0,254,5.0
11VN-0,259,62.0
11VO-0,95,5.0
11VP-0,136,29.0
11VR-0,338,96.0
11VU-0,260,66.0
11VV-0,229,1.0
11VZ-0,168,70.0
11WB-0,201,16.0
11WC-0,102,2.0
11WD-0,364,12.0
11WI-0,180,2.0
11WN-0,193,10.0
11WP-0,553,38.0
11WQ-0,260,6.0
11WU-0,44,
11WV-0,130,24.0
11WZ-0,138,5.0
11XA-0,373,50.0
11XF-0,256,20.0
11XH-0,162,17.0
11XI-0,238,7.0
11XJ-0,25,
11XK-0,425,32.0
11XL-0,146,39.0
11XM-0,168,12.0
11XQ-0,129,3.0
11XS-0,201,7.0
11XU-0,228,10.0
11XY-0,183,13.0
11XZ-0,207,21.0
11YA-0,69,72.0
11YE-0,164,4.0
11YI-0,79,1.0
11YJ-0,269,13.0
11YL-0,191,20.0
11YP-0,219,1.0
11YV-0,257,7.0
11YW-0,126,2.0
11YX-0,99,6.0
11ZC-0,115,21.0
11ZE-0,118,40.0
11ZI-0,151,
11ZL-0,214,18.0
11ZM-0,54,28.0
11ZP-0,216,6.0
11ZQ-0,566,36.0
11ZU-0,180,4.0
11ZW-0,168,49.0
12AA-0,165,10.0
12AC-0,148,40.0
12AE-0,155,48.0
12AF-0,222,4.0
12AH-0,166,5.0
12AL-0,237,11.0
12AM-0,251,9.0
12AP-0,254,51.0
12AQ-0,155,7.0
12AR-0,449,38.0
12AT-0,189,71.0
12AU-0,407,21.0
12AV-0,381,9.0
12AW-0,226,
12AY-0,446,28.0
12BF-0,274,37.0
12BG-0,165,21.0
12BH-0,85,
12BI-0,181,40.0
12BO-0,74,43.0
12BP-0,274,102.0
12BR-0,170,7.0
12BS-0,103,53.0
12BT-0,434,19.0
12BV-0,159,189.0
12BY-0,177,7.0
12CC-0,207,144.0
12CF-0,134,5.0
12CJ-0,280,14.0
12CK-0,109,5.0
12CL-0,163,35.0
12CN-0,74,5.0
12CO-0,76,2.0
12CX-0,74,15.0
12DC-0,180,6.0
12DE-0,280,150.0
12DF-0,166,123.0
12DG-0,52,
12DI-0,308,9.0
12DL-0,29,3.0
12DO-0,109,10.0
12DS-0,305,20.0
12DU-0,185,34.0
12DX-0,34,4.0
12DY-0,64,100.0
12EA-0,284,17.0
12EB-0,155,13.0
12ED-0,124,13.0
12EF-0,43,
12EG-0,212,123.0
12EI-0,74,3.0
12EJ-0,161,18.0
12ER-0,174,5.0
12ES-0,95,2.0
12EV-0,56,1.0
12EX-0,324,77.0
12EY-0,59,
12EZ-0,208,8.0
12FB-0,339,48.0
12FD-0,459,54.0
12FD-1,145,27.0
12FF-0,293,63.0
12FL-0,42,
12FO-0,164,17.0
12FR-0,126,5.0
12FT-0,182,8.0
12FU-0,370,10.0
12FW-0,138,34.0
12FX-0,204,37.0
12FY-0,355,49.0
12FZ-0,162,3.0
12GA-0,235,17.0
12GB-0,164,18.0
12GC-0,64,
12GF-0,245,84.0
12GH-0,140,1.0
12GJ-0,124,111.0
12GN-0,163,22.0
12GQ-0,66,4.0
12GT-0,36,6.0
12GU-0,170,24.0
12GW-0,90,4.0
12GX-0,105,19.0
12GZ-0,293,13.0
12HB-0,127,2.0
12HC-0,211,73.0
12HG-0,161,170.0
12HK-0,186,2.0
12HK-1,64,
12HM-0,217,6.0
12HN-0,219,
12HQ-0,100,20.0
12HS-0,222,6.0
12HU-0,41,30.0
12HY-0,84,
12HZ-0,286,17.0
12IC-0,118,41.0
12ID-0,142,194.0
12IF-0,107,70.0
12IS-0,90,1.0
12IT-0,71,24.0
12IT-2,27,1.0
12IW-0,491,71.0
12IX-0,73,36.0
12IY-0,49,16.0
12JD-0,202,7.0
12JI-0,397,30.0
12JJ-0,609,19.0
12JK-0,233,20.0
12JL-0,218,13.0
12JQ-0,328,14.0
12JS-0,66,2.0
12JT-0,158,10.0
12JU-0,452,24.0
12JW-0,384,74.0
12JX-0,127,152.0
12JY-0,164,48.0
12KB-0,354,23.0
12KD-0,315,17.0
12KE-0,187,37.0
12KG-0,290,11.0
12KH-0,262,6.0
12KJ-0,191,17.0
12KM-0,113,3.0
12KN-0,144,2.0
12KO-0,185,24.0
12KP-0,174,9.0
12KS-0,345,45.0
12KT-0,362,79.0
12KU-0,487,181.0
12KZ-0,161,128.0
12LB-0,143,36.0
12LD-0,126,10.0
12LF-0,304,23.0
12LG-0,85,92.0
12LH-0,311,6.0
12LJ-0,81,5.0
12LL-0,101,4.0
12LM-0,76,
12LO-0,43,
12LQ-0,545,44.0
12LT-0,410,59.0
12LU-0,241,22.0
12LV-0,99,147.0
12LX-0,159,22.0
12LZ-0,130,14.0
12ME-0,113,3.0
12MF-0,87,24.0
12MN-0,115,10.0
12MP-0,66,2.0
12MQ-0,324,57.0
12MR-0,379,172.0
12MS-0,136,3.0
12MT-0,76,116.0
12MU-0,43,14.0
12MY-0,124,10.0
12MZ-0,32,
12NE-0,38,1.0
12NF-0,198,17.0
12NG-0,99,12.0
12NI-0,50,3.0
12NK-0,119,14.0
12NL-0,100,2.0
12NN-0,120,16.0
12NO-0,168,74.0
12NS-0,140,2.0
12NS-1,71,1.0
12NT-0,249,1.0
12NU-0,31,4.0
12NX-0,131,46.0
12OC-0,52,3.0
12OF-0,306,32.0
12OK-0,294,46.0
12ON-0,194,39.0
12OQ-0,201,5.0
12OR-0,304,28.0
12OS-0,118,18.0
12OT-0,285,34.0
12OX-0,103,3.0
12OY-0,199,29.0
12OZ-0,234,14.0
12PA-0,235,15.0
12PC-0,303,30.0
12PC-1,147,5.0
12PF-0,222,88.0
12PG-0,209,19.0
12PH-0,182,12.0
12PI-0,353,33.0
12PI-2,74,18.0
12PJ-0,216,3.0
12PK-0,161,
12PL-0,163,2.0
12PM-0,141,34.0
12PU-0,105,2.0
12PV-0,285,30.0
12PX-0,230,34.0
12PY-0,128,119.0
12QA-0,112,59.0
12QC-0,408,11.0
12QD-0,109,17.0
12QF-0,86,1.0
12QH-0,213,48.0
12QI-0,437,91.0
12QK-0,206,39.0
12QO-0,243,8.0
12QP-0,90,
12QQ-0,139,44.0
12QR-0,115,6.0
12QU-0,430,1.0
12QX-0,93,
12RC-0,217,1.0
12RD-0,108,37.0
12RE-0,29,63.0
12RF-0,82,6.0
12RH-0,94,26.0
12RI-0,21,18.0
12RL-0,203,17.0
12RM-0,255,15.0
12RO-0,111,
12RS-0,111,50.0
12RU-0,78,31.0
12RV-0,225,9.0
12RW-0,221,4.0
12SE-0,172,10.0
12SK-0,317,15.0
12SL-0,275,165.0
12SL-1,198,18.0
12SM-0,235,24.0
12SP-0,164,8.0
12SR-0,174,40.0
12ST-0,210,7.0
12SU-0,371,1.0
12SW-0,426,13.0
12SY-0,187,46.0
12TB-0,74,3.0
12TD-0,357,12.0
12TE-0,216,15.0
12TF-0,250,133.0
12TH-0,221,80.0
12TK-0,148,1.0
12TL-0,111,25.0
12TM-0,160,193.0
12TN-0,138,24.0
12TO-0,62,15.0
12TR-0,211,133.0
12TS-0,292,9.0
12TT-0,469,34.0
12TT-1,21,
12TU-0,168,15.0
12TV-0,38,3.0
12TX-0,147,8.0
12TZ-0,124,
12UA-0,126,46.0
12UE-0,105,1.0
12UM-0,207,5.0
12UO-0,224,10.0
12UP-0,147,18.0
12UR-0,177,10.0
12UU-0,72,33.0
12UV-0,82,54.0
12UZ-0,256,63.0
12VA-0,257,35.0
12VB-0,89,30.0
12VC-0,133,51.0
12VD-0,38,
12VE-0,64,9.0
12VF-0,93,3.0
12VH-0,47,2.0
12VJ-0,68,
12VK-0,104,16.0
12VM-0,42,
12VN-0,189,6.0
12VO-0,247,6.0
12VQ-0,162,8.0
12VS-0,53,10.0
12VU-0,56,2.0
12VV-0,68,4.0
12VX-0,412,26.0
12WB-0,226,164.0
12WD-0,324,18.0
12WE-0,83,242.0
12WF-0,275,19.0
12WI-0,180,8.0
12WJ-0,247,14.0
12WK-0,169,31.0
12WL-0,134,64.0
12WM-0,161,20.0
12WN-0,107,6.0
12WO-0,32,
12WS-0,137,159.0
12WT-0,194,184.0
12WU-0,174,28.0
12WY-0,127,
12WZ-0,240,4.0
12XA-0,102,41.0
12XD-0,121,4.0
12XE-0,94,24.0
12XF-0,409,86.0
12XG-0,246,14.0
12XI-0,355,36.0
12XL-0,125,90.0
12XM-0,44,3.0
12XN-0,267,18.0
12XO-0,283,80.0
12XQ-0,180,5.0
12XS-0,58,93.0
12XW-0,67,39.0
12XY-0,31,
12YB-0,152,129.0
12YE-0,316,28.0
12YF-0,85,18.0
12YL-0,239,4.0
12YM-0,36,103.0
12YM-2,107,1.0
12YO-0,190,6.0
12YQ-0,246,13.0
12YU-0,286,6.0
12YV-0,168,3.0
12YY-0,297,12.0
12YZ-0,180,20.0
12ZA-0,264,27.0
12ZD-0,227,2.0
12ZE-0,91,
12ZG-0,174,57.0
12ZH-0,72,2.0
12ZI-0,185,26.0
12ZJ-0,70,1.0
12ZL-0,224,6.0
12ZN-0,257,2.0
12ZO-0,354,34.0
12ZQ-0,417,15.0
12ZR-0,82,168.0
12ZS-0,55,108.0
12ZT-0,116,19.0
12ZW-0,34,
12ZX-0,237,1.0
13AA-0,465,35.0
13AE-0,120,3.0
13AF-0,79,2.0
13AK-0,118,6.0
13AL-0,371,4.0
13AN-0,334,37.0
13AO-0,274,56.0
13AQ-0,94,101.0
13AR-0,124,71.0
13AS-0,222,17.0
13AT-0,80,4.0
13AY-0,465,19.0
13AZ-0,74,35.0
13AZ-1,88,
13BC-0,89,151.0
13BD-0,38,
13BE-0,118,20.0
13BF-0,173,13.0
13BG-0,118,5.0
13BI-0,65,8.0
13BK-0,167,1.0
13BL-0,85,
13BM-0,171,6.0
13BP-0,196,97.0
13BQ-0,121,80.0
13BR-0,55,
13BS-0,183,14.0
13BT-0,133,
13BU-0,83,3.0
13BV-0,263,23.0
13BW-0,214,4.0
13BY-0,267,24.0
13BY-1,138,39.0
13CC-0,159,22.0
13CD-0,72,57.0
13CF-0,171,17.0
13CG-0,176,23.0
13CH-0,412,6.0
13CI-0,163,10.0
13CJ-0,292,23.0
13CK-0,336,35.0
13CL-0,169,26.0
13CM-0,299,60.0
13CN-0,158,77.0
13CP-0,197,2.0
13CQ-0,180,32.0
13CT-0,522,
13CU-0,209,5.0
13CV-0,82,
13CW-0,115,24.0
13CY-0,755,66.0
13DD-0,237,12.0
13DH-0,282,1.0
13DK-0,279,152.0
13DM-0,7,105.0
13DO-0,49,78.0
13DR-0,201,24.0
13DS-0,135,4.0
13DT-0,86,
13DW-0,239,4.0
13EC-0,174,39.0
13ED-0,65,6.0
13EH-0,188,36.0
13EI-0,51,
13EK-0,228,579.0
13EN-0,77,1.0
13EQ-0,239,80.0
13ER-0,117,2.0
13ES-0,176,10.0
13EZ-0,443,1.0
13FA-0,194,27.0
13FF-0,431,1.0
13FI-0,128,6.0
13FK-0,204,12.0
13FM-0,154,115.0
13FR-0,18,45.0
13FU-0,49,
13FW-0,115,2.0
13GC-0,138,50.0
13GD-0,105,30.0
13GJ-0,45,
13GL-0,209,168.0
13GN-0,102,10.0
13GQ-0,215,4.0
13GU-0,264,16.0
13GV-0,26,
13GW-0,46,6.0
13HA-0,61,1.0
13HB-0,153,19.0
13HC-0,343,21.0
13HD-0,37,59.0
13HE-0,312,4.0
13HI-0,91,2.0
13HJ-0,123,10.0
13HM-0,319,60.0
13HN-0,349,62.0
13HQ-0,111,8.0
13HR-0,238,57.0
13HT-0,30,
13HU-0,359,
13HX-0,219,159.0
13HX-2,137,108.0
13HY-0,160,61.0
13IC-0,139,28.0
13ID-0,65,48.0
13IE-0,200,
13IF-0,85,20.0
13IK-0,566,17.0
13IL-0,213,19.0
13IP-0,154,37.0
13IQ-0,196,13.0
13IR-0,300,
13IU-0,149,15.0
13IV-0,199,9.0
13IZ-0,329,26.0
13JA-0,164,29.0
13JH-0,64,4.0
13JJ-0,60,2.0
13JJ-1,78,
13JJ-2,87,5.0
13JK-0,204,14.0
13JK-1,34,1.0
13JL-0,150,10.0
13JM-0,94,7.0
13JP-0,45,6.0
13JQ-0,46,5.0
13JR-0,97,9.0
13JS-0,153,23.0
13JV-0,440,1.0
13JX-0,576,19.0
13JY-0,121,
13KB-0,228,12.0
13KD-0,170,12.0
13KG-0,233,13.0
13KI-0,261,30.0
13KK-0,71,57.0
13KM-0,91,15.0
13KN-0,56,1.0
13KQ-0,176,1.0
13KR-0,172,58.0
13KS-0,192,127.0
13KT-0,537,158.0
13KU-0,158,26.0
13KV-0,88,8.0
13KW-0,366,8.0
13KX-0,216,192.0
13KZ-0,53,
13LA-0,47,1.0
13LB-0,10,81.0
13LE-0,193,25.0
13LF-0,234,61.0
13LI-0,193,19.0
13LM-0,330,254.0
13LO-0,57,3.0
13LR-0,113,3.0
13LV-0,55,6.0
13LW-0,41,115.0
13LY-0,34,
13MB-0,75,7.0
13MF-0,314,120.0
13MG-0,249,96.0
13MI-0,186,12.0
13MJ-0,187,10.0
13MK-0,82,1.0
13MM-0,95,3.0
13MN-0,105,109.0
13MO-0,129,18.0
13MP-0,231,79.0
13MR-0,117,29.0
13MS-0,358,74.0
13MT-0,232,14.0
13MV-0,219,7.0
13MX-0,399,23.0
13MY-0,363,52.0
13MZ-0,211,53.0
13NA-0,177,95.0
13NB-0,251,37.0
13NC-0,88,13.0
13NG-0,91,
13NH-0,404,37.0
13NI-0,59,24.0
13NP-0,260,8.0
13NV-0,186,8.0
13NX-0,42,135.0
13NZ-0,189,30.0
13OA-0,49,
13OD-0,72,
13OE-0,243,5.0
13OF-0,286,4.0
13OJ-0,200,2.0
13OK-0,102,5.0
13ON-0,42,1.0
13OS-0,160,12.0
13OW-0,395,5.0
13OY-0,98,4.0
13PA-0,396,20.0
13PG-0,160,24.0
13PH-0,200,11.0
13PH-1,159,7.0
13PI-0,218,24.0
13PK-0,102,3.0
13PL-0,208,4.0
13PP-0,285,7.0
13PQ-0,110,
13PR-0,62,150.0
13PS-0,95,52.0
13PV-0,297,15.0
13QB-0,314,8.0
13QD-0,117,27.0
13QD-2,89,8.0
13QE-0,397,23.0
13QG-0,42,
13QJ-0,133,1.0
13QL-0,120,15.0
13QN-0,263,133.0
13QO-0,339,8.0
13QP-0,123,6.0
13QS-0,161,10.0
13QV-0,144,5.0
13QZ-0,212,149.0
13RA-0,164,39.0
13RB-0,168,67.0
13RD-0,129,11.0
13RF-0,60,6.0
13RI-0,99,102.0
13RO-0,102,45.0
13RP-0,60,151.0
13RQ-0,104,1.0
13RS-0,282,46.0
13RU-0,237,29.0
13RX-0,414,7.0
13RY-0,372,53.0
13RZ-0,579,42.0
13SB-0,206,18.0
13SF-0,365,15.0
13SJ-0,60,
13SN-0,358,63.0
13SP-0,121,45.0
13SQ-0,59,
13ST-0,88,5.0
13SX-0,205,7.0
13TA-0,97,312.0
13TB-0,126,31.0
13TG-0,137,32.0
13TJ-0,145,
13TK-0,56,1.0
13TM-0,119,365.0
13TN-0,62,107.0
13TP-0,820,25.0
13TQ-0,109,2.0
13TR-0,186,4.0
13TT-0,159,4.0
13TU-0,42,
13TX-0,134,21.0
13TY-0,97,102.0
13UB-0,282,23.0
13UC-0,61,
13UD-0,256,34.0
13UE-0,194,52.0
13UI-0,187,149.0
13UJ-0,247,16.0
13UL-0,154,9.0
13UO-0,154,5.0
13UP-0,31,
13UR-0,218,25.0
13UW-0,83,
13UX-0,496,152.0
13VC-0,112,11.0
13VG-0,72,2.0
13VH-0,400,236.0
13VI-0,102,24.0
13VN-0,238,17.0
13VQ-0,162,58.0
13VR-0,204,3.0
13VS-0,183,27.0
13VY-0,25,4.0
13WB-0,282,34.0
13WC-0,164,2.0
13WE-0,190,14.0
13WI-0,41,4.0
13WM-0,64,289.0
13WQ-0,159,20.0
13WR-0,103,64.0
13WS-0,39,71.0
13WU-0,149,76.0
13WV-0,209,5.0
13WW-0,195,151.0
13WX-0,57,154.0
13WZ-0,162,8.0
13XA-0,101,1.0
13XE-0,63,3.0
13XF-0,228,42.0
13XG-0,115,47.0
13XH-0,280,28.0
13XI-0,217,17.0
13XJ-0,305,39.0
13XL-0,267,223.0
13XM-0,47,
13XN-0,204,15.0
13XP-0,84,50.0
13XQ-0,172,37.0
13XS-0,204,28.0
13XU-0,134,84.0
13XW-0,122,
13XW-1,53,
13XW-2,31,1.0
13XX-0,59,3.0
13YA-0,26,2.0
13YD-0,176,136.0
13YH-0,54,1.0
13YI-0,169,20.0
13YL-0,401,70.0
13YM-0,133,47.0
13YO-0,288,22.0
13YQ-0,245,6.0
13YR-0,542,7.0
13YT-0,52,1.0
13YV-0,329,18.0
13YW-0,98,25.0
13YX-0,258,98.0
13YZ-0,146,21.0
13YZ-1,143,112.0
13ZB-0,195,4.0
13ZE-0,79,140.0
13ZF-0,159,13.0
13ZG-0,187,8.0
13ZJ-0,202,6.0
13ZL-0,186,
13ZM-0,151,18.0
13ZN-0,243,26.0
13ZO-0,45,3.0
13ZR-0,195,2.0
13ZS-0,178,82.0
13ZW-0,58,
13ZY-0,397,246.0
14AB-0,171,33.0
14AD-0,46,2.0
14AE-0,157,32.0
14AG-0,159,38.0
14AH-0,44,
14AI-0,20,80.0
14AL-0,136,8.0
14AS-0,116,13.0
14AZ-0,100,63.0
14BB-0,512,8.0
14BC-0,154,14.0
14BD-0,70,6.0
14BG-0,114,2.0
14BJ-0,90,
14BL-0,168,9.0
14BO-0,117,26.0
14BP-0,72,4.0
14BQ-0,96,24.0
14BT-0,49,147.0
14BV-0,225,59.0
14BW-0,317,46.0
14BZ-0,222,5.0
14CA-0,76,3.0
14CI-0,516,78.0
14CL-0,246,203.0
14CM-0,177,20.0
14CR-0,223,3.0
14CW-0,19,2.0
14CX-0,66,11.0
14CY-0,39,20.0
14DF-0,316,6.0
14DG-0,196,45.0
14DI-0,94,153.0
14DJ-0,193,60.0
14DK-0,260,5.0
14DL-0,110,3.0
14DN-0,207,91.0
14DO-0,454,12.0
14DP-0,75,84.0
14DS-0,223,33.0
14DU-0,161,33.0
14DW-0,97,18.0
14DZ-0,105,67.0
14DZ-1,46,55.0
14EB-0,189,39.0
14EC-0,246,233.0
14EG-0,107,4.0
14EJ-0,83,63.0
14EK-0,279,4.0
14EL-0,96,
14EP-0,166,13.0
14EQ-0,37,3.0
14ER-0,159,3.0
14ET-0,239,119.0
14EV-0,175,64.0
14EW-0,237,77.0
14EX-0,221,63.0
14EZ-0,99,1.0
14FA-0,333,22.0
14FC-0,151,44.0
14FD-0,111,4.0
14FE-0,63,5.0
14FG-0,66,8.0
14FH-0,351,
14FI-0,134,32.0
14FJ-0,253,60.0
14FM-0,307,73.0
14FP-0,85,
14FQ-0,169,16.0
14FR-0,356,14.0
14FS-0,130,14.0
14FU-0,163,56.0
14FX-0,52,76.0
14FY-0,122,1.0
14GD-0,144,6.0
14GF-0,89,2.0
14GK-0,507,22.0
14GL-0,39,111.0
14GN-0,226,29.0
14GQ-0,76,5.0
14GR-0,76,22.0
14GU-0,200,67.0
14GV-0,112,1.0
14GW-0,80,130.0
14HA-0,109,3.0
14HB-0,481,98.0
14HC-0,106,
14HD-0,70,9.0
14HE-0,224,1.0
14HJ-0,67,
14HK-0,63,15.0
14HM-0,133,159.0
14HO-0,278,25.0
14HR-0,267,102.0
14HS-0,141,19.0
14HT-0,28,34.0
14HU-0,57,166.0
14HV-0,276,5.0
14HY-0,228,119.0
14HZ-0,152,5.0
14IA-0,184,34.0
14IK-0,88,5.0
14IM-0,79,105.0
14IP-0,361,53.0
14IS-0,81,1.0
14IW-0,358,20.0
14IX-0,178,24.0
14IY-0,249,4.0
14JC-0,161,42.0
14JC-1,122,135.0
14JI-0,350,12.0
14JK-0,93,85.0
14JR-0,495,103.0
14JW-0,139,46.0
14JY-0,39,
14JZ-0,37,
14KG-0,141,152.0
14KH-0,58,4.0
14KI-0,95,51.0
14KK-0,188,95.0
14KM-0,65,29.0
14KN-0,88,59.0
14KP-0,83,101.0
14KQ-0,121,11.0
14KW-0,346,59.0
14KY-0,261,20.0
14LB-0,305,46.0
14LG-0,36,
14LL-0,170,18.0
14LM-0,491,7.0
14LP-0,156,237.0
14LQ-0,102,120.0
14LR-0,54,72.0
14LT-0,92,7.0
14LV-0,145,34.0
14LW-0,338,51.0
14LZ-0,137,9.0
14MH-0,48,
14MK-0,53,37.0
14ML-0,67,53.0
14MM-0,361,65.0
14MN-0,123,1.0
14MO-0,38,
14MQ-0,113,93.0
14MR-0,220,155.0
14MS-0,393,33.0
14MT-0,193,69.0
14MU-0,293,70.0
14MW-0,115,6.0
14MX-0,28,45.0
14PU-0,169,7.0
14PZ-0,203,12.0
14QA-0,238,
14QC-0,371,65.0
14QC-2,137,45.0
14QI-0,106,5.0
14QJ-0,265,2.0
14QN-0,139,
14QQ-0,44,
14QR-0,47,26.0
14VM-0,112,39.0
14XL-0,160,25.0
14XM-0,186,33.0
14XR-0,209,133.0
14XU-0,276,58.0
14XW-0,369,50.0
14XY-0,50,
14YB-0,135,
14YF-0,162,51.0
14YM-0,143,34.0
14YP-0,195,11.0
14YR-0,326,10.0
14YS-0,43,
14YU-0,365,
14YV-0,403,3.0
14YV-1,126,1.0
14YX-0,135,41.0
14ZA-0,75,
14ZB-0,173,5.0
14ZD-0,327,
14ZG-0,280,36.0
14ZJ-0,360,41.0
14ZK-0,102,
14ZL-0,140,22.0
14ZO-0,41,2.0
14ZP-0,98,7.0
14ZQ-0,100,11.0
14ZS-0,120,6.0
14ZV-0,134,10.0
14ZW-0,245,10.0
14ZY-0,93,
14ZZ-0,127,6.0
15AB-0,116,50.0
15AH-0,163,1.0
15AI-0,51,42.0
15AL-0,123,180.0
15AN-0,72,145.0
15AO-0,128,23.0
15AP-0,215,2.0
15AS-0,54,5.0
15AU-0,231,14.0
15AV-0,64,
15AZ-0,230,10.0
15BD-0,139,
15BG-0,402,22.0
15BI-0,124,10.0
15BO-0,32,
15BP-0,41,
15BQ-0,107,7.0
15BR-0,45,14.0
15BR-1,61,24.0
15BT-0,75,
15BU-0,30,
15BV-0,207,6.0
15BW-0,356,
15BX-0,279,6.0
15BY-0,49,
15BZ-0,187,9.0
15CA-0,50,2.0
15CB-0,263,3.0
15CC-0,321,10.0
15CF-0,72,
15CG-0,47,5.0
15CK-0,52,3.0
15CM-0,94,6.0
15CO-0,168,39.0
15CP-0,229,20.0
15CQ-0,153,9.0
15CR-0,163,13.0
15CS-0,234,41.0
15CT-0,424,16.0
15CU-0,300,2.0
15CV-0,465,35.0
15CX-0,105,6.0
15CY-0,193,4.0
15CZ-0,318,22.0
15DA-0,211,5.0
15DB-0,458,24.0
15DC-0,120,7.0
15DD-0,398,40.0
15DF-0,258,4.0
15DI-0,89,2.0
15DK-0,13,127.0
15DL-0,343,52.0
15DM-0,306,12.0
15DP-0,228,2.0
15DQ-0,34,2.0
15DS-0,85,1.0
15DT-0,103,14.0
15DU-0,85,5.0
15DV-0,138,1.0
15DW-0,109,6.0
15DY-0,47,
15ED-0,128,19.0
15EF-0,245,15.0
15EI-0,77,44.0
15EJ-0,87,91.0
15EP-0,48,3.0
15EQ-0,60,124.0
15ET-0,64,6.0
15EV-0,35,
15EX-0,184,121.0
15FC-0,153,10.0
15FD-0,69,32.0
15FE-0,215,31.0
15FH-0,188,24.0
15FJ-0,120,
15FK-0,211,43.0
15FL-0,168,7.0
15FM-0,193,30.0
15FO-0,76,78.0
15FQ-0,47,78.0
15FR-0,140,6.0
15FS-0,275,49.0
15FT-0,90,27.0
15FU-0,191,22.0
15FX-0,258,12.0
15FZ-0,51,3.0
15GC-0,93,
15GF-0,29,11.0
15GH-0,64,5.0
15GL-0,86,8.0
15GR-0,225,
15GT-0,204,14.0
15GV-0,173,37.0
15GX-0,127,19.0
15GZ-0,207,11.0
15HB-0,221,25.0
15HH-0,70,7.0
15HJ-0,196,
15HQ-0,168,
15HR-0,153,22.0
15HS-0,25,28.0
15HT-0,252,50.0
15HV-0,162,6.0
15HW-0,84,31.0
15HY-0,428,69.0
15IB-0,79,
15IC-0,104,56.0
15IE-0,362,65.0
15IF-0,372,6.0
15IH-0,147,10.0
15IK-0,221,13.0
15IL-0,44,1.0
15IQ-0,297,70.0
15IR-0,93,41.0
15IU-0,463,4.0
15IV-0,184,2.0
15IX-0,125,35.0
15IY-0,190,44.0
15JC-0,192,13.0
15JD-0,178,2.0
15JF-0,412,125.0
15JG-0,78,3.0
15JI-0,119,47.0
15JJ-0,69,
15JN-0,489,146.0
15JO-0,147,4.0
15JS-0,129,24.0
15JT-0,279,4.0
15JU-0,125,22.0
15JV-0,268,8.0
15JW-0,123,5.0
15JZ-0,475,37.0
15KA-0,441,125.0
15KD-0,239,5.0
15KE-0,124,
15KG-0,79,8.0
15KI-0,194,18.0
15KJ-0,123,129.0
15KL-0,284,114.0
15KN-0,275,72.0
15KQ-0,72,4.0
15KT-0,96,156.0
15KU-0,168,4.0
15KV-0,264,141.0
15KW-0,32,1.0
15KX-0,133,51.0
15LA-0,76,51.0
15LC-0,121,29.0
15LE-0,179,20.0
15LG-0,203,19.0
15LH-0,274,39.0
15LL-0,212,22.0
15LQ-0,262,36.0
15LU-0,53,3.0
15LV-0,146,43.0
15LX-0,161,115.0
15MD-0,56,8.0
15MH-0,409,8.0
15ML-0,252,109.0
15MN-0,38,77.0
15MO-0,83,52.0
15MP-0,400,90.0
15MU-0,128,21.0
15MW-0,305,5.0
15NA-0,454,140.0
15NB-0,47,2.0
15ND-0,149,46.0
15NJ-0,448,157.0
15NM-0,195,20.0
15NR-0,83,70.0
15NR-1,204,47.0
15NS-0,251,28.0
15NU-0,316,44.0
15NV-0,176,2.0
15NZ-0,269,30.0
15OF-0,259,251.0
15OH-0,155,57.0
15OK-0,222,10.0
15OP-0,132,36.0
15OQ-0,70,8.0
15OR-0,57,
15OU-0,155,7.0
15OV-0,202,72.0
15OY-0,453,22.0
15OZ-0,188,29.0
15PD-0,22,147.0
15PE-0,152,8.0
15PG-0,94,121.0
15PJ-0,26,93.0
15PJ-1,131,73.0
15PM-0,194,11.0
15PO-0,42,30.0
15PP-0,130,14.0
15PV-0,193,109.0
15PW-0,98,1.0
15PX-0,42,70.0
15PZ-0,100,70.0
15QA-0,232,56.0
15QD-0,143,6.0
15QG-0,188,17.0
15QK-0,406,1.0
15QL-0,186,5.0
15QL-2,111,4.0
15QM-0,227,19.0
15QY-0,54,
15RE-0,155,84.0
15RG-0,447,62.0
15RJ-0,41,67.0
15RK-0,76,58.0
15RL-0,71,256.0
15RM-0,47,69.0
15RP-0,113,70.0
15RT-0,217,6.0
15RZ-0,60,36.0
15SB-0,617,23.0
15SF-0,68,19.0
15SG-0,83,2.0
15SH-0,94,57.0
15SK-0,310,75.0
15SM-0,232,188.0
15SN-0,81,
15SP-0,427,36.0
15SQ-0,186,35.0
15SW-0,200,
15SY-0,168,8.0
15SZ-0,162,24.0
15TF-0,88,46.0
15TG-0,262,
15TJ-0,48,4.0
15TL-0,156,64.0
15TO-0,240,20.0
15TP-0,86,45.0
15TT-0,206,92.0
15TV-0,84,92.0
15UA-0,214,25.0
15UB-0,283,18.0
15UC-0,143,100.0
15UF-0,90,31.0
15UJ-0,652,65.0
15UN-0,87,1.0
15UO-0,305,95.0
15UP-0,222,67.0
15UT-0,96,144.0
15UU-0,162,30.0
15UV-0,196,10.0
15UW-0,113,17.0
15UZ-0,242,59.0
15VA-0,69,30.0
15VC-0,525,40.0
15VE-0,171,37.0
15VF-0,96,2.0
15VF-1,201,6.0
15VH-0,196,19.0
15VL-0,145,20.0
15VM-0,548,99.0
15VN-0,103,83.0
15VO-0,77,1.0
15VU-0,183,476.0
15VY-0,363,124.0
15VZ-0,216,18.0
15WF-0,83,67.0
15WG-0,629,140.0
15WH-0,177,45.0
15WJ-0,218,54.0
15WK-0,156,27.0
15WQ-0,222,78.0
15WT-0,24,193.0
15WU-0,127,5.0
15WV-0,26,160.0
15WW-0,40,79.0
15WZ-0,582,
15XA-0,157,8.0
15XB-0,322,44.0
15XC-0,213,19.0
15XD-0,213,7.0
15XE-0,257,56.0
15XF-0,59,105.0
15XI-0,398,22.0
15XJ-0,226,7.0
15XK-0,304,7.0
15XN-0,372,17.0
15XO-0,340,142.0
15XP-0,219,21.0
15XT-0,114,
15XW-0,133,14.0
15XX-0,46,
15XZ-0,9,129.0
15YB-0,143,42.0
15YD-0,130,54.0
15YE-0,142,27.0
15YF-0,233,52.0
15YF-1,289,15.0
15YG-0,192,10.0
15YJ-0,179,6.0
15YO-0,90,
15YP-0,297,106.0
15YR-0,136,5.0
15YR-1,68,1.0
15YU-0,292,91.0
15YY-0,242,27.0
15ZB-0,239,3.0
15ZC-0,108,2.0
15ZD-0,61,36.0
15ZE-0,186,13.0
15ZF-0,164,10.0
15ZH-0,90,26.0
15ZJ-0,131,85.0
15ZK-0,209,8.0
15ZM-0,79,72.0
15ZP-0,31,12.0
15ZQ-0,46,17.0
15ZW-0,96,5.0
15ZX-0,65,2.0
15ZZ-0,97,175.0
16AA-0,211,132.0
16AA-3,69,
16AB-0,145,78.0
16AD-0,299,98.0
16AF-0,329,35.0
16AH-0,185,21.0
16AJ-0,198,161.0
16AK-0,213,12.0
16AP-0,117,25.0
16AR-0,723,37.0
16AU-0,695,122.0
16AY-0,131,14.0
16AZ-0,463,6.0
16BA-0,217,15.0
16BC-0,108,4.0
16BD-0,78,
16BE-0,421,26.0
16BH-0,146,17.0
16BL-0,185,140.0
16BL-1,62,42.0
16BO-0,451,87.0
16BO-1,163,45.0
16BR-0,181,25.0
16BU-0,126,114.0
16BX-0,61,26.0
16BZ-0,118,47.0
16CA-0,128,53.0
16CB-0,53,
16CC-0,149,74.0
16CF-0,325,21.0
16CH-0,197,10.0
16CI-0,48,171.0
16CN-0,288,7.0
16CP-0,506,17.0
16CQ-0,191,10.0
16CZ-0,79,
16DA-0,316,98.0
16DB-0,265,24.0
16DD-0,238,100.0
16DE-0,73,46.0
16DF-0,106,90.0
16DG-0,323,25.0
16DH-0,113,57.0
16DI-0,132,54.0
16DJ-0,104,5.0
16DK-0,153,
16DM-0,110,55.0
16DS-0,424,6.0
16DV-0,149,50.0
16DW-0,322,6.0
16DX-0,115,4.0
16DY-0,292,141.0
16DZ-0,276,15.0
16EA-0,236,15.0
16EB-0,266,13.0
16EC-0,177,14.0
16EJ-0,80,91.0
16EL-0,246,16.0
16EN-0,268,27.0
16EO-0,177,43.0
16EP-0,342,102.0
16EQ-0,72,111.0
16FI-0,187,56.0
16FK-0,115,36.0
16FL-0,93,21.0
16FR-0,88,13.0
16FS-0,32,254.0
16FT-0,178,103.0
16FU-0,91,46.0
16FV-0,124,65.0
16FW-0,217,46.0
16GB-0,406,46.0
16GD-0,373,80.0
16GK-0,213,76.0
16GL-0,350,43.0
16GN-0,307,117.0
16GQ-0,148,10.0
16GT-0,358,27.0
16GU-0,319,
16GV-0,278,59.0
16HB-0,221,40.0
16HC-0,544,186.0
16HE-0,201,34.0
16HF-0,157,200.0
16HI-0,45,30.0
16HJ-0,277,5.0
16HK-0,158,20.0
16HL-0,170,39.0
16HM-0,106,2.0
16HN-0,427,10.0
16HS-0,459,10.0
16HT-0,284,112.0
16HU-0,404,72.0
16HV-0,127,169.0
16IA-0,245,12.0
16IB-0,81,
16IC-0,110,241.0
16IE-0,394,33.0
16IJ-0,235,34.0
16IK-0,132,13.0
16IL-0,200,16.0
16IP-0,234,105.0
16IQ-0,25,134.0
16IR-0,156,45.0
16IV-0,317,67.0
16JB-0,409,5.0
16JC-0,41,121.0
16JI-0,135,13.0
16JP-0,117,49.0
16JV-0,317,1.0
16JW-0,187,26.0
16JY-0,255,1.0
16KA-0,133,30.0
16KB-0,375,34.0
16KE-0,343,21.0
16KG-0,85,137.0
16KJ-0,250,43.0
16KK-0,131,102.0
16KL-0,235,77.0
16KR-0,166,13.0
16KS-0,316,26.0
16KS-1,86,24.0
16KV-0,34,41.0
16KW-0,235,1.0
16KZ-0,187,
16LE-0,83,44.0
16LF-0,98,52.0
16LI-0,61,13.0
16LQ-0,218,71.0
16LV-0,318,40.0
16LX-0,98,36.0
16MA-0,120,163.0
16MB-0,159,14.0
16MC-0,293,75.0
16MD-0,210,40.0
16MI-0,166,20.0
16ML-0,181,60.0
16MO-0,137,121.0
16MW-0,20,57.0
16MX-0,211,26.0
16NB-0,562,74.0
16NC-0,283,
16ND-0,342,25.0
16NG-0,80,334.0
16NG-1,24,142.0
16NM-0,75,625.0
16NN-0,44,57.0
16NR-0,289,93.0
16NS-0,278,
16NU-0,140,47.0
16NV-0,114,14.0
16OC-0,354,46.0
16UB-0,204,
16UC-0,56,32.0
16UD-0,109,28.0
16UE-0,160,33.0
16UG-0,102,149.0
16UJ-0,212,24.0
16UK-0,199,51.0
16UM-0,217,12.0
16UN-0,106,38.0
16UO-0,120,103.0
16UP-0,177,5.0
16UQ-0,98,20.0
16US-0,78,2.0
16UU-0,294,15.0
16UV-0,223,22.0
16UW-0,156,96.0
16UZ-0,425,23.0
16VH-0,424,
16VR-0,245,4.0
16VT-0,231,3.0
16VU-0,159,16.0
16VV-0,120,2.0
16WB-0,106,100.0
16WG-0,142,28.0
16WH-0,306,37.0
16WI-0,305,1.0
16WL-0,122,8.0
16WN-0,64,9.0
16WQ-0,80,65.0
16WT-0,304,167.0
16WT-1,72,75.0
16WU-0,599,39.0
16WW-0,68,29.0
16WZ-0,69,370.0
16XC-0,206,31.0
16XK-0,114,70.0
16XM-0,284,13.0
16XN-0,189,221.0
16XP-0,265,5.0
16XQ-0,51,148.0
16XS-0,221,42.0
16XT-0,101,6.0
16XY-0,371,28.0
16XY-3,24,40.0
16YA-0,616,36.0
16YB-0,98,94.0
16YE-0,171,12.0
16YF-0,156,14.0
16YG-0,394,2.0
16YK-0,56,25.0
16YM-0,96,58.0
16YQ-0,135,9.0
16YS-0,109,64.0
16YS-1,100,66.0
16YT-0,96,8.0
16YU-0,105,118.0
16YW-0,158,77.0
16YX-0,456,3.0
16YZ-0,218,3.0
16ZB-0,377,
16ZC-0,107,80.0
16ZD-0,52,51.0
16ZF-0,336,52.0
16ZG-0,117,59.0
16ZJ-0,218,70.0
16ZM-0,191,27.0
16ZO-0,355,32.0
16ZP-0,279,31.0
16ZQ-0,83,3.0
16ZS-0,159,31.0
16ZT-0,62,84.0
16ZX-0,46,46.0
16ZY-0,54,21.0
16ZY-1,245,19.0
16ZZ-0,126,24.0
17AB-0,212,94.0
17AC-0,456,77.0
17AE-0,140,5.0
17AH-0,172,74.0
17AM-0,32,45.0
17AP-0,137,203.0
17AV-0,131,68.0
17BB-0,59,101.0
17BC-0,92,5.0
17BH-0,108,26.0
17BL-0,87,4.0
17BP-0,20,4.0
17BT-0,375,27.0
17BU-0,119,3.0
17BW-0,341,128.0
17BY-0,65,45.0
17CA-0,628,8.0
17CB-0,251,95.0
17CI-0,155,81.0
17CJ-0,117,20.0
17CL-0,315,20.0
17CM-0,357,145.0
17CN-0,31,5.0
17CT-0,20,49.0
17CU-0,264,12.0
17CV-0,373,86.0
17CW-0,36,5.0
17CY-0,91,25.0
17DA-0,46,31.0
17DA-3,44,34.0
17DC-0,212,16.0
17DF-0,107,79.0
17DG-0,205,5.0
17DI-0,340,11.0
17DK-0,108,84.0
17DP-0,426,229.0
17DQ-0,302,8.0
17DR-0,161,10.0
17DV-0,283,59.0
17DW-0,268,89.0
17DX-0,313,20.0
17DZ-0,327,26.0
17EA-0,303,207.0
17EB-0,150,12.0
17EC-0,391,36.0
17EF-0,149,165.0
17EG-0,81,11.0
17EH-0,254,27.0
17EJ-0,91,1.0
17EK-0,95,63.0
17EK-1,97,36.0
17EL-0,54,49.0
17EO-0,165,57.0
17EP-0,109,2.0
17EQ-0,246,23.0
17ER-0,109,77.0
17ES-0,208,145.0
17EU-0,172,59.0
17EV-0,518,
17EW-0,218,15.0
17EZ-0,109,37.0
17FA-0,196,18.0
17FC-0,204,90.0
17FE-0,125,188.0
17FF-0,97,15.0
17FG-0,417,35.0
17FH-0,473,112.0
17FJ-0,255,13.0
17FK-0,187,18.0
17FL-0,201,8.0
17FL-1,79,20.0
17FN-0,120,81.0
17FR-0,66,84.0
17FU-0,88,1.0
17FV-0,132,160.0
17FW-0,235,20.0
17FY-0,272,31.0
17GU-0,190,28.0
17JD-0,62,
17JE-0,292,13.0
17JG-0,455,35.0
17JG-1,180,30.0
17JH-0,161,112.0
17JL-0,78,20.0
17JM-0,209,23.0
17JN-0,164,3.0
17JP-0,68,2.0
17JV-0,251,108.0
17JX-0,80,24.0
17KB-0,347,24.0
17KC-0,120,28.0
17KD-0,227,7.0
17KG-0,667,12.0
17KI-0,117,17.0
17KJ-0,464,12.0
17KM-0,71,3.0
17KU-0,217,6.0
17KW-0,170,58.0
17KZ-0,56,44.0
17LB-0,265,17.0
17LE-0,352,55.0
17LF-0,240,79.0
17LH-0,224,17.0
17LI-0,81,26.0
17LM-0,63,29.0
17LO-0,367,38.0
17LQ-0,171,1.0
17LT-0,113,18.0
17LU-0,161,22.0
17LW-0,245,120.0
17LX-0,248,137.0
17LY-0,163,21.0
17MC-0,387,71.0
17MD-0,25,85.0
17MF-0,216,6.0
17MH-0,104,66.0
17MI-0,187,8.0
17MJ-0,174,67.0
17MJ-1,205,4.0
17MK-0,158,14.0
17MM-0,221,16.0
17MO-0,397,30.0
17MQ-0,152,74.0
17MR-0,148,51.0
17MS-0,74,7.0
17MT-0,742,212.0
17MV-0,146,26.0
17MX-0,205,11.0
17MY-0,125,13.0
17MZ-0,204,8.0
17NB-0,104,47.0
17ND-0,164,39.0
17NF-0,126,34.0
17NG-0,189,
17NH-0,54,66.0
17NI-0,426,39.0
17NJ-0,178,29.0
17NM-0,70,69.0
17NO-0,131,38.0
17NQ-0,50,208.0
17NR-0,141,14.0
17NS-0,250,5.0
17NT-0,647,6.0
17NU-0,325,56.0
17NV-0,265,10.0
17NW-0,115,40.0
17NX-0,252,12.0
17NZ-0,331,61.0
17OB-0,218,64.0
17OC-0,88,2.0
17OF-0,276,3.0
17OJ-0,168,71.0
17OM-0,90,4.0
17ON-0,814,17.0
17OR-0,255,38.0
17OS-0,221,33.0
17OV-0,215,35.0
17OY-0,179,53.0
17OZ-0,157,4.0
17PA-0,122,60.0
17PB-0,299,64.0
17PC-0,62,2.0
17PF-0,280,90.0
17PG-0,137,53.0
17PH-0,89,67.0
17PI-0,648,115.0
17PJ-0,15,123.0
17PK-0,50,46.0
17PN-0,44,21.0
17PQ-0,100,89.0
17PR-0,95,60.0
17PV-0,97,89.0
17PY-0,448,12.0
17PZ-0,199,34.0
17QA-0,102,7.0
17QE-0,89,155.0
17QF-0,84,37.0
17QH-0,32,142.0
17QJ-0,194,10.0
17QK-0,83,70.0
17QL-0,231,120.0
17QM-0,312,91.0
17QN-0,114,55.0
17QQ-0,224,20.0
17QS-0,58,140.0
17QV-0,273,58.0
17QY-0,169,13.0
17RC-0,345,31.0
17RD-0,111,16.0
17RE-0,89,32.0
17RI-0,270,27.0
17RJ-0,321,21.0
17RK-0,24,97.0
17RK-1,384,11.0
17RL-0,257,44.0
17RM-0,472,109.0
17RN-0,162,27.0
17RO-0,118,118.0
17RQ-0,225,16.0
17RS-0,139,2.0
17RV-0,406,6.0
17RX-0,205,92.0
17RY-0,457,282.0
17RZ-0,158,135.0
17SI-0,96,43.0
17SJ-0,299,23.0
17SK-0,219,58.0
17SL-0,208,68.0
17SP-0,51,22.0
17SQ-0,257,2.0
17SR-0,350,22.0
17ST-0,82,75.0
17SU-0,97,73.0
17SW-0,728,185.0
17SX-0,217,144.0
17SY-0,347,199.0
17SZ-0,358,78.0
17TC-0,24,124.0
17TD-0,322,113.0
17TF-0,307,68.0
17TG-0,154,99.0
17TI-0,339,21.0
17TJ-0,55,37.0
17TK-0,192,9.0
17TN-0,394,87.0
17TP-0,631,82.0
17TQ-0,169,95.0
17TT-0,83,181.0
17TU-0,103,160.0
17TW-0,96,18.0
17TX-0,153,51.0
17TY-0,79,265.0
17TZ-0,79,177.0
17UA-0,254,102.0
17UB-0,127,22.0
17UC-0,269,71.0
17UD-0,194,156.0
17UE-0,20,148.0
17UG-0,142,16.0
17UH-0,255,
17VA-0,414,9.0
17WX-0,241,33.0
17WY-0,435,39.0
17WZ-0,177,2.0
17XB-0,336,91.0
17XC-0,140,134.0
17XF-0,145,3.0
17XI-0,185,46.0
17XQ-0,275,19.0
17XT-0,367,22.0
17XV-0,273,10.0
17XW-0,360,31.0
17XX-0,225,10.0
17XZ-0,199,33.0
17YA-0,78,115.0
17YE-0,41,158.0
17YN-0,95,43.0
17YO-0,87,115.0
17YR-0,154,67.0
17YV-0,135,36.0
17YV-1,44,
17YX-0,254,30.0
17YY-0,161,249.0
17ZD-0,166,185.0
17ZF-0,119,8.0
17ZG-0,234,21.0
17ZH-0,42,135.0
17ZI-0,179,409.0
17ZK-0,115,
17ZL-0,56,41.0
17ZM-0,52,82.0
17ZO-0,63,108.0
17ZP-0,121,23.0
17ZQ-0,86,2.0
17ZR-0,83,330.0
17ZR-2,90,53.0
17ZS-0,78,97.0
17ZU-0,145,342.0
17ZV-0,245,46.0
17ZY-0,97,17.0
17ZZ-0,255,73.0
18AA-0,446,425.0
18AB-0,81,90.0
18AC-0,129,82.0
18AE-0,288,55.0
18AF-0,303,57.0
18AH-0,164,124.0
18AK-0,30,169.0
18AP-0,46,154.0
18AQ-0,189,55.0
18AR-0,445,131.0
18AU-0,249,162.0
18AX-0,416,34.0
18BA-0,425,45.0
18BB-0,223,23.0
18BG-0,236,76.0
18BJ-0,123,36.0
18BK-0,129,113.0
18BL-0,420,47.0
18BM-0,77,57.0
18BN-0,192,44.0
18BO-0,150,55.0
18CF-0,203,91.0
18DR-0,70,52.0
18DS-0,47,10.0
18DS-1,69,1.0
18DS-2,105,12.0
18DS-3,23,4.0
18DT-0,117,11.0
18DU-0,227,33.0
18DW-0,152,40.0
18DX-0,180,27.0
18DY-0,190,
18EA-0,213,19.0
18EB-0,88,7.0
18ED-0,90,25.0
18EE-0,127,210.0
18EG-0,46,1.0
18EH-0,139,11.0
18EJ-0,434,53.0
18EK-0,78,1.0
18EL-0,74,
18EO-0,95,11.0
18EP-0,106,4.0
18ER-0,44,10.0
18ER-1,50,
18ES-0,360,191.0
18ET-0,354,7.0
18FA-0,174,13.0
18FC-0,153,20.0
18FD-0,127,11.0
18FE-0,163,25.0
18FF-0,84,8.0
18FG-0,301,25.0
18FH-0,140,54.0
18FI-0,227,3.0
18FJ-0,89,1.0
18FK-0,272,22.0
18FM-0,208,10.0
18FN-0,92,3.0
18FU-0,159,
18FV-0,361,48.0
18FY-0,90,5.0
18GA-0,70,2.0
18GB-0,50,7.0
18GD-0,171,5.0
18GF-0,57,6.0
18GH-0,127,7.0
18GP-0,137,38.0
18GQ-0,271,7.0
18GS-0,217,16.0
18GT-0,74,14.0
18GU-0,73,27.0
18GW-0,21,26.0
18GW-1,57,4.0
18GY-0,319,104.0
18GZ-0,139,21.0
18HB-0,161,3.0
18HD-0,85,10.0
18HF-0,97,2.0
18HG-0,277,4.0
18HI-0,260,8.0
18HK-0,304,19.0
18HL-0,240,3.0
18HN-0,269,14.0
18HO-0,67,21.0
18HO-1,44,27.0
18HP-0,88,9.0
18HQ-0,100,3.0
18HR-0,120,64.0
18HS-0,126,1.0
18HS-1,129,1.0
18HT-0,225,4.0
18HX-0,199,5.0
18IC-0,147,40.0
18ID-0,93,9.0
18IE-0,293,30.0
18IJ-0,53,
18IP-0,62,5.0
18IQ-0,343,42.0
18IU-0,82,
18IX-0,79,9.0
18IY-0,188,18.0
18IZ-0,44,
18JB-0,432,16.0
18JD-0,75,15.0
18JE-0,285,7.0
18JF-0,488,37.0
18JG-0,180,13.0
18JI-0,168,2.0
18JL-0,70,10.0
18JO-0,81,20.0
18JU-0,233,1.0
18JW-0,177,13.0
18JX-0,515,73.0
18JY-0,219,
18KB-0,406,1.0
18KD-0,170,5.0
18KF-0,167,8.0
18KG-0,202,7.0
18KI-0,69,3.0
18KJ-0,232,49.0
18KK-0,167,13.0
18KO-0,44,
18KP-0,182,15.0
18KU-0,97,2.0
18KV-0,154,18.0
18KV-1,19,2.0
18KX-0,78,2.0
18LB-0,294,10.0
18LE-0,224,27.0
18LF-0,54,10.0
18LI-0,56,2.0
18LJ-0,110,48.0
18LK-0,98,1.0
18LM-0,100,109.0
18LN-0,124,16.0
18LP-0,80,15.0
18LQ-0,86,65.0
18LR-0,150,12.0
18LS-0,394,63.0
18LT-0,101,30.0
18LU-0,161,21.0
18LX-0,85,97.0
18LX-1,100,109.0
18LY-0,40,
18LZ-0,34,41.0
18LZ-1,183,7.0
18MA-0,390,11.0
18MC-0,154,54.0
18MF-0,65,7.0
18MG-0,194,9.0
18MH-0,209,28.0
18MJ-0,135,16.0
18MK-0,372,29.0
18MM-0,111,
18MN-0,307,56.0
18MO-0,110,53.0
18MQ-0,323,14.0
18MR-0,323,35.0
18MS-0,53,4.0
18MT-0,328,5.0
18MW-0,67,
18MX-0,94,
18MY-0,216,14.0
18MZ-0,264,68.0
18NA-0,43,
18NC-0,284,
18NF-0,88,
18NH-0,128,6.0
18NI-0,416,13.0
18NM-0,295,29.0
18NN-0,218,3.0
18NS-0,110,71.0
18NU-0,298,24.0
18NV-0,80,145.0
18NW-0,225,3.0
18NX-0,131,
18OA-0,211,40.0
18OD-0,108,59.0
18OE-0,58,
18OF-0,214,167.0
18OH-0,32,1.0
18OL-0,43,1.0
18OM-0,94,1.0
18OP-0,306,7.0
18OQ-0,31,15.0
18OR-0,129,131.0
18OV-0,507,2.0
18OY-0,61,1.0
18OZ-0,74,
18PA-0,162,13.0
18PC-0,136,48.0
18PE-0,55,5.0
18PJ-0,73,26.0
18PM-0,231,7.0
18PN-0,132,26.0
18PP-0,31,4.0
18PQ-0,329,238.0
18PT-0,295,9.0
18PU-0,95,
18PV-0,209,7.0
18PW-0,225,14.0
18PX-0,244,55.0
18PY-0,222,49.0
18QA-0,293,4.0
18QB-0,138,54.0
18QC-0,117,
18QD-0,185,42.0
18QE-0,42,5.0
18QF-0,396,58.0
18QG-0,123,10.0
18QJ-0,99,
18QK-0,184,95.0
18QS-0,143,11.0
18QU-0,47,
18QW-0,261,13.0
18QY-0,170,48.0
18QZ-0,72,128.0
18QZ-1,70,94.0
18RA-0,59,97.0
18RD-0,186,37.0
18RG-0,44,3.0
18RI-0,173,11.0
18RJ-0,253,245.0
18RK-0,106,1.0
18RN-0,486,91.0
18RO-0,357,8.0
18RQ-0,165,
18RR-0,81,15.0
18RU-0,116,1.0
18RV-0,75,
18SC-0,55,46.0
18SE-0,116,12.0
18SF-0,64,
18SH-0,151,24.0
18SI-0,83,10.0
18SL-0,140,7.0
18SN-0,124,1.0
18SO-0,57,6.0
18SP-0,354,
18SR-0,100,
18SU-0,196,50.0
18SV-0,421,352.0
18SZ-0,48,11.0
18TA-0,45,
18TC-0,60,3.0
18TH-0,38,
18TJ-0,65,
18TK-0,56,
18TM-0,75,96.0
18TN-0,44,76.0
18TP-0,62,11.0
18TQ-0,88,3.0
18TS-0,153,2.0
18TV-0,132,160.0
18TW-0,146,3.0
18UC-0,359,151.0
18UD-0,52,
18UE-0,56,2.0
18UF-0,64,
18UG-0,369,30.0
18UH-0,303,86.0
18UH-1,346,47.0
18UK-0,81,
18UL-0,37,
18UM-0,79,78.0
18UQ-0,188,24.0
18UR-0,322,73.0
18US-0,84,1.0
18UT-0,83,1.0
18UV-0,71,
18UY-0,259,25.0
18VB-0,85,251.0
18VC-0,86,
18VF-0,39,107.0
18VI-0,191,70.0
18VJ-0,164,128.0
18VM-0,194,15.0
18VN-0,139,53.0
18VQ-0,211,24.0
18VR-0,82,87.0
18VV-0,159,88.0
18VW-0,131,6.0
18VZ-0,63,4.0
18WD-0,60,243.0
18WF-0,84,16.0
18WG-0,109,104.0
18WH-0,158,11.0
18WK-0,60,396.0
18WL-0,13,53.0
18WN-0,191,81.0
18WQ-0,69,3.0
18WR-0,43,6.0
18WU-0,370,48.0
18WV-0,175,40.0
18WW-0,41,
18WX-0,226,314.0
18WY-0,205,94.0
18XB-0,214,70.0
18XC-0,30,18.0
18YS-0,81,83.0
18YT-0,119,75.0
18YU-0,224,25.0
18YZ-0,222,6.0
18ZA-0,192,7.0
18ZC-0,272,2.0
18ZG-0,39,2.0
18ZI-0,265,32.0
18ZL-0,249,122.0
18ZM-0,141,10.0
18ZO-0,136,5.0
18ZQ-0,413,22.0
18ZU-0,90,75.0
18ZV-0,324,137.0
18ZW-0,205,38.0
18ZX-0,184,158.0
19AB-0,224,
19AC-0,245,15.0
19AF-0,57,201.0
19AG-0,45,72.0
19AG-1,66,138.0
19AI-0,48,95.0
19AM-0,182,1.0
19AO-0,97,133.0
19AQ-0,167,109.0
19AS-0,249,42.0
19AT-0,314,6.0
19AV-0,119,
19AX-0,78,51.0
19AZ-0,165,74.0
19BA-0,5,91.0
19BB-0,89,97.0
19BC-0,79,
19BE-0,150,133.0
19BF-0,265,81.0
19BH-0,110,15.0
19BJ-0,62,68.0
19BO-0,380,58.0
19BP-0,50,40.0
19BQ-0,284,60.0
19BS-0,245,105.0
19BT-0,50,2.0
19BU-0,198,211.0
19BV-0,174,89.0
19BW-0,376,36.0
19BX-0,49,3.0
19BZ-0,386,237.0
19CA-0,74,81.0
19CC-0,350,102.0
19CD-0,27,77.0
19CF-0,123,5.0
19CH-0,60,222.0
19CT-0,115,1.0
19CY-0,545,14.0
19DD-0,290,30.0
19DI-0,415,2.0
19DK-0,220,74.0
19DM-0,41,33.0
19DN-0,270,76.0
19DN-1,148,58.0
19DP-0,19,59.0
19DQ-0,134,83.0
19DS-0,70,57.0
19IV-0,128,2.0
19JG-0,227,1.0
19JJ-0,150,26.0
19JK-0,32,
19JO-0,88,99.0
19KB-0,132,12.0
19KD-0,84,3.0
19KI-0,576,34.0
19KK-0,49,
19KV-0,129,9.0
19KX-0,97,1.0
19LD-0,302,1.0
19LE-0,235,66.0
19LF-0,198,28.0
19LH-0,69,1.0
19LI-0,443,3.0
19LM-0,68,93.0
19LR-0,270,32.0
19LU-0,75,89.0
19LV-0,63,16.0
19LW-0,220,11.0
19LY-0,308,16.0
19LY-1,217,3.0
19MA-0,192,63.0
19MD-0,181,18.0
19MF-0,178,9.0
19MG-0,416,18.0
19MH-0,16,161.0
19ML-0,109,75.0
19MN-0,122,
19MP-0,55,138.0
19MR-0,537,157.0
19MU-0,49,66.0
19MW-0,190,51.0
19MY-0,128,37.0
19MZ-0,118,69.0
19NA-0,319,553.0
19NB-0,397,36.0
19NE-0,55,240.0
19NH-0,97,22.0
19NM-0,210,12.0
19NM-1,92,3.0
19NN-0,225,20.0
19NO-0,314,5.0
19NP-0,116,31.0
19NQ-0,31,170.0
19NR-0,279,9.0
19NS-0,99,36.0
19NT-0,65,158.0
19NV-0,440,92.0
19NW-0,49,365.0
19NX-0,366,59.0
19NZ-0,81,273.0
19OB-0,112,74.0
19OC-0,120,243.0
19OE-0,388,12.0
19OF-0,82,45.0
19OM-0,121,34.0
19OQ-0,49,395.0
19OR-0,133,236.0
19OY-0,116,115.0
19QD-0,95,231.0
19RD-0,74,91.0
19RG-0,158,43.0
19RJ-0,320,
19RK-0,171,38.0
19RK-1,162,52.0
19RY-0,294,7.0
19SF-0,253,6.0
19SG-0,107,78.0
19SI-0,311,113.0
19SZ-0,295,38.0
19TA-0,123,53.0
19TB-0,263,
19TK-0,197,30.0
19TL-0,93,59.0
19TM-0,251,3.0
19TO-0,512,89.0
19UB-0,53,54.0
19UC-0,474,33.0
19UE-0,258,
19UF-0,448,58.0
19UH-0,218,2.0
19UI-0,144,9.0
19UJ-0,235,1.0
19UK-0,46,162.0
19US-0,56,516.0
19UU-0,297,29.0
19UZ-0,267,14.0
19VA-0,408,
19VB-0,98,288.0
19VH-0,411,108.0
19VI-0,233,
19VJ-0,194,20.0
19VL-0,239,1.0
19VP-0,107,54.0
19VR-0,211,
19VU-0,49,165.0
19VX-0,148,30.0
19VY-0,238,9.0
19VY-1,38,47.0
19WE-0,280,81.0
19WG-0,256,64.0
19WO-0,23,202.0
19XU-0,123,27.0
19YH-0,561,14.0
19YL-0,50,231.0
19YO-0,184,154.0
19YS-0,201,14.0
19YX-0,123,109.0
19ZB-0,166,91.0
19ZE-0,66,23.0
19ZF-0,23,298.0
19ZG-0,50,229.0
19ZH-0,155,25.0
19ZJ-0,62,149.0
20BW-0,23,47.0
20CB-0,491,69.0
20CV-0,419,10.0
20CX-0,156,54.0
20DJ-0,269,37.0
20DK-0,189,98.0
20DV-0,279,12.0
20EL-0,453,20.0
20FB-0,85,97.0
20FE-0,143,2.0
20FG-0,103,1.0
20FI-0,107,31.0
20FK-0,106,42.0
20GP-0,163,20.0
20GW-0,404,11.0
20GY-0,127,22.0
20HF-0,232,42.0
20HH-0,192,1.0
20HJ-0,153,43.0
20HK-0,114,25.0
20HL-0,204,2.0
20HM-0,126,39.0
20HQ-0,60,61.0
20IM-0,238,10.0
20IN-0,475,98.0
20IQ-0,213,16.0
20IR-0,97,60.0
20IT-0,149,39.0
20IY-0,219,15.0
20IZ-0,227,13.0
20JB-0,117,37.0
20KF-0,280,64.0
20KR-0,244,82.0
20KT-0,44,50.0
20KW-0,320,42.0
20OQ-0,319,52.0
20OW-0,227,29.0
20PN-0,256,32.0
20SC-0,87,116.0
20SE-0,55,167.0
20SG-0,375,4.0
20SH-0,39,88.0
20SK-0,85,119.0
20SL-0,84,158.0
20SZ-0,409,12.0
20TD-0,274,26.0
20TN-0,208,1.0
20TP-0,48,97.0
20TQ-0,131,95.0
20TR-0,114,96.0
20TS-0,228,15.0
20TT-0,302,72.0
20TV-0,319,58.0
20TW-0,525,59.0
20TX-0,285,68.0
20TX-1,176,76.0
20UL-0,213,9.0
20UO-0,47,142.0
20UP-0,297,190.0
20UU-0,261,
20UV-0,207,77.0
20UW-0,253,43.0
20VA-0,372,14.0
20VB-0,797,51.0
20VD-0,59,72.0
20VF-0,52,131.0
20VG-0,39,102.0
20VI-0,158,144.0
20VJ-0,312,76.0
20VK-0,227,64.0
20VN-0,195,476.0
20VP-0,396,78.0
20VP-1,156,30.0
20VU-0,247,78.0
20VX-0,118,138.0
20XA-0,253,85.0
20XO-0,207,86.0
20XQ-0,36,104.0
20XR-0,156,151.0
20XS-0,150,96.0
20XT-0,293,33.0
20XU-0,219,106.0
20XY-0,206,
20XZ-0,298,129.0
20YA-0,361,81.0
20YF-0,61,285.0
20YG-0,387,64.0
20ZB-0,98,124.0
20ZD-0,171,47.0
20ZE-0,82,216.0
20ZG-0,121,237.0
20ZH-0,266,182.0
20ZR-0,583,108.0
20ZT-0,35,79.0
20ZU-0,38,137.0
20ZV-0,474,63.0
20ZW-0,64,59.0
20ZX-0,50,53.0
20ZZ-0,184,216.0
21AD-0,139,139.0
21AG-0,62,206.0
21AH-0,249,23.0
21AI-0,70,82.0
21BF-0,92,8.0
21BM-0,150,51.0
21CX-0,252,61.0
21CZ-0,114,8.0
21DA-0,145,10.0
21DL-0,22,4.0
21DZ-0,141,10.0
21EI-0,170,25.0
21KE-0,109,81.0
21KO-0,231,58.0
21LO-0,217,12.0
21LP-0,169,32.0
21LS-0,349,30.0
21LT-0,226,14.0
21LV-0,196,19.0
21LW-0,114,16.0
21LX-0,227,89.0
21MV-0,238,16.0
21MX-0,308,10.0
21MY-0,525,12.0
21NA-0,117,44.0
21NB-0,201,5.0
21ND-0,165,59.0
21NE-0,188,22.0
21NF-0,53,37.0
21NH-0,164,32.0
21NI-0,100,
21NK-0,254,2.0
21NL-0,112,
21NM-0,191,21.0
21NN-0,178,9.0
21NN-1,105,7.0
21NO-0,279,2.0
21NP-0,187,5.0
21NR-0,121,8.0
21NU-0,114,33.0
21OM-0,392,10.0
21ON-0,103,12.0
21OP-0,171,3.0
21OQ-0,216,13.0
21OT-0,330,53.0
21OU-0,167,12.0
21OV-0,101,
21OX-0,292,33.0
21OY-0,221,19.0
21OZ-0,261,32.0
21PA-0,253,33.0
21PO-0,86,4.0
21PP-0,105,19.0
21PQ-0,151,13.0
21PR-0,425,32.0
21PS-0,188,22.0
21PU-0,156,19.0
21QE-0,317,83.0
21QF-0,133,12.0
21QG-0,423,5.0
21QH-0,381,26.0
21QK-0,392,62.0
21QN-0,82,
21QT-0,136,11.0
21QU-0,225,7.0
21QV-0,150,19.0
21QZ-0,287,9.0
21RD-0,113,
21RE-0,441,35.0
21RP-0,183,6.0
21RQ-0,252,36.0
21RR-0,88,25.0
21RS-0,173,32.0
21RT-0,110,23.0
21VR-0,276,3.0
22FC-0,110,41.0
22FH-0,327,9.0
22GB-0,257,
22JB-0,109,23.0
22JD-0,280,133.0
22JE-0,231,23.0
22JG-0,232,19.0
22JH-0,94,11.0
22JI-0,131,5.0
22JM-0,519,86.0
22JO-0,213,41.0
22JP-0,151,5.0
22JQ-0,333,20.0
22JR-0,78,21.0
22JV-0,184,2.0
22JY-0,203,49.0
22KA-0,320,79.0
22KB-0,221,64.0
22KC-0,257,32.0
22KD-0,170,88.0
22KE-0,181,90.0
22KF-0,296,99.0
22KG-0,194,15.0
22KH-0,145,14.0
22KJ-0,71,
22KK-0,160,18.0
22KL-0,218,4.0
22KM-0,86,1.0
22KP-0,168,65.0
22KS-0,247,34.0
22KT-0,170,12.0
22KU-0,232,54.0
22KV-0,282,5.0
22KY-0,214,5.0
22LE-0,272,20.0
22LI-0,112,3.0
22LJ-0,237,28.0
22LK-0,184,63.0
22LL-0,297,7.0
22LM-0,186,12.0
22LN-0,187,14.0
22LO-0,561,43.0
22LT-0,83,
22LV-0,57,2.0
22LW-0,95,60.0
22LY-0,320,51.0
22LZ-0,190,
22MB-0,137,26.0
22MD-0,288,
22MH-0,366,59.0
22MP-0,479,56.0
22NL-0,243,
22NL-1,93,
22NM-0,125,192.0
22NT-0,107,216.0
22NW-0,330,
22OD-0,187,37.0
23AL-0,270,62.0
23AM-0,206,47.0
23BP-0,218,7.0
23BT-0,201,9.0
23BU-0,231,7.0
23BW-0,407,40.0
23BX-0,236,7.0
23BZ-0,120,
23CA-0,199,3.0
23CB-0,173,6.0
23CC-0,467,48.0
23CD-0,176,32.0
23CG-0,86,
23CH-0,373,12.0
23CJ-0,279,21.0
23CK-0,446,41.0
23CM-0,329,25.0
23CN-0,327,22.0
23CR-0,219,6.0
23CT-0,69,16.0
23CW-0,216,6.0
23CW-1,199,31.0
23CZ-0,301,31.0
23DE-0,311,15.0
23DF-0,271,17.0
23DH-0,76,55.0
23DJ-0,170,14.0
23DK-0,184,23.0
23DM-0,186,5.0
23DR-0,134,
23DU-0,230,
23DX-0,246,29.0
23DY-0,328,81.0
23DZ-0,264,30.0
23EA-0,421,43.0
23EC-0,370,4.0
23ED-0,173,39.0
23ED-1,54,4.0
23EE-0,127,5.0
23EF-0,145,15.0
23EK-0,199,
23EL-0,147,49.0
23EM-0,237,86.0
23EN-0,171,
23EU-0,136,51.0
23EV-0,176,27.0
23EW-0,248,2.0
23EX-0,378,13.0
23EY-0,196,56.0
23FB-0,360,10.0
23FD-0,251,80.0
23FD-1,85,13.0
23FE-0,71,
23FF-0,357,28.0
23FG-0,187,11.0
23FH-0,159,41.0
23FM-0,32,
23GV-0,110,199.0
23GW-0,113,221.0
23HA-0,106,
23HE-0,154,2.0
23HR-0,25,499.0
23JH-0,178,13.0
23PC-0,147,53.0
23PD-0,620,45.0
23PE-0,339,30.0
23PF-0,156,29.0
23PG-0,142,35.0
23PH-0,167,6.0
23PJ-0,469,125.0
23PN-0,167,1.0
23PP-0,217,6.0
23PR-0,239,15.0
23PT-0,270,4.0
23PU-0,197,9.0
23PV-0,164,38.0
23PY-0,277,67.0
23RA-0,253,23.0
23RC-0,170,91.0
23RD-0,295,50.0
23RE-0,175,95.0
23RF-0,206,77.0
23RG-0,313,10.0
23RH-0,151,9.0
23RJ-0,377,63.0
23RK-0,319,6.0
23RL-0,67,
23RM-0,401,25.0
23RR-0,84,13.0
23RT-0,47,182.0
23RW-0,403,79.0
23RX-0,116,10.0
23RY-0,89,7.0
23TA-0,265,2.0
23TB-0,261,45.0
23TE-0,212,26.0
23TJ-0,197,1.0
23TK-0,86,1.0
23TL-0,389,19.0
23TM-0,174,45.0
23TN-0,264,12.0
23TP-0,154,4.0
23TT-0,148,16.0
23TW-0,442,292.0
23TX-0,221,202.0
23UB-0,677,115.0
23UC-0,506,37.0
23UE-0,197,1.0
23UF-0,90,4.0
23UH-0,411,3.0
23UL-0,153,12.0
23UN-0,255,6.0
23UP-0,153,13.0
23UT-0,164,
23UW-0,99,213.0
23UX-0,157,
23UY-0,161,224.0
23VF-0,15,172.0
23VG-0,43,1.0
23VH-0,77,222.0
23VU-0,222,9.0
23WG-0,65,7.0
23WR-0,102,1.0
23XP-0,289,4.0
23ZH-0,145,30.0
23ZJ-0,234,12.0
23ZL-0,419,22.0
23ZM-0,157,3.0
23ZU-0,452,133.0
23ZV-0,114,52.0
23ZW-0,367,59.0
23ZX-0,115,110.0
23ZY-0,285,114.0
23ZZ-0,336,12.0
24AA-0,190,4.0
24AB-0,225,5.0
24AC-0,381,232.0
24AD-0,415,93.0
24AE-0,493,74.0
24AF-0,276,31.0
24AG-0,435,62.0
24AM-0,244,206.0
24AR-0,235,1.0
24AY-0,163,8.0
24AZ-0,289,18.0
24BA-0,54,10.0
24BD-0,593,32.0
24BE-0,284,9.0
24BF-0,194,14.0
24BL-0,161,22.0
24BM-0,189,139.0
24BN-0,779,24.0
24BP-0,391,23.0
24BR-0,107,5.0
24CN-0,261,9.0
24CP-0,454,59.0
24CR-0,288,18.0
24CT-0,181,3.0
24CZ-0,288,18.0
24DA-0,221,32.0
24DB-0,260,5.0
24DH-0,15,96.0
24DP-0,365,144.0
24DR-0,298,2.0
24DV-0,107,5.0
24DW-0,406,4.0
24DX-0,198,36.0
24EC-0,51,
24ED-0,183,20.0
24EE-0,97,85.0
24EG-0,61,31.0
24EJ-0,120,220.0
24EJ-1,20,163.0
24EJ-2,123,173.0
24EL-0,53,213.0
24ER-0,27,147.0
24ET-0,92,4.0
24EY-0,78,248.0
24FE-0,30,214.0
24FK-0,24,211.0
24FP-0,265,
24JC-0,286,18.0
24JD-0,68,1.0
24JJ-0,143,20.0
24MB-0,406,1.0
24MK-0,169,20.0
24MR-0,237,93.0
24MU-0,241,30.0
24MW-0,28,474.0
24MW-4,60,19.0
24MY-0,168,9.0
24MZ-0,92,9.0
24NB-0,430,1.0
24NK-0,107,33.0
24NL-0,361,3.0
24NM-0,109,36.0
24NN-0,325,1.0
24NP-0,384,18.0
24NT-0,223,39.0
24NV-0,401,6.0
24NX-0,330,284.0
24NY-0,176,54.0
24NZ-0,449,185.0
24PA-0,599,87.0
24PB-0,136,261.0
24PC-0,167,31.0
24PE-0,84,11.0
24PU-0,199,33.0
24PV-0,38,235.0
24PX-0,231,7.0
24RA-0,173,5.0
24RB-0,141,1.0
24RH-0,74,13.0
24RK-0,145,39.0
24RM-0,304,1.0
24RN-0,189,
24RU-0,237,33.0
24RZ-0,145,157.0
24TA-0,148,58.0
24TB-0,91,311.0
24TC-0,463,826.0
24TL-0,54,43.0
24TZ-0,169,2.0
24UA-0,173,12.0
24UE-0,195,15.0
24UN-0,131,49.0
24ZB-0,473,32.0
24ZC-0,228,24.0
24ZD-0,404,19.0
24ZE-0,89,100.0
24ZH-0,85,157.0
24ZJ-0,60,294.0
24ZK-0,176,80.0
25DE-0,75,8.0
25GH-0,233,30.0
25GJ-0,499,22.0
25GK-0,308,26.0
25GN-0,130,27.0
25KC-0,322,262.0
25KD-0,263,72.0
25KE-0,416,57.0
25KF-0,287,7.0
25KG-0,439,6.0
25KH-0,407,24.0
25KJ-0,490,52.0
25KL-0,236,78.0
25KM-0,421,122.0
25KN-0,283,54.0
25KP-0,282,19.0
25KR-0,341,2.0
25KT-0,254,99.0
25KU-0,163,81.0
25KV-0,110,109.0
26AA-0,117,25.0
26AB-0,203,53.0
26AC-0,409,141.0
26AD-0,318,72.0
26AE-0,190,89.0
26AF-0,204,78.0
26AG-0,917,60.0
26AH-0,412,7.0
26AJ-0,198,21.0
26AL-0,219,38.0
26AM-0,209,5.0
26AN-0,303,34.0
26AP-0,298,23.0
26AR-0,273,62.0
26AT-0,179,4.0
26AU-0,123,21.0
26AV-0,385,90.0
26AW-0,292,110.0
26AX-0,174,189.0
26AY-0,398,482.0
26AZ-0,694,183.0
26BA-0,256,19.0
26BC-0,142,34.0
26BD-0,414,36.0
26PD-0,97,94.0
26PE-0,82,73.0
26PF-0,106,282.0
26PH-0,453,275.0
26PJ-0,276,14.0
26PK-0,643,122.0
26PL-0,416,214.0
26PM-0,725,179.0
26PN-0,330,22.0
26PP-0,99,76.0
26PR-0,363,7.0
26PT-0,654,40.0
26PU-0,369,26.0
26PW-0,200,70.0
26PX-0,409,8.0
26PY-0,796,64.0
26PZ-0,447,
26RA-0,94,11.0
26RK-0,339,5.0
26ZZ-0,140,71.0
27AA-0,198,60.0
27AK-0,151,1.0
27BM-0,199,22.0
27BN-0,275,51.0
27CA-0,653,2.0
27CB-0,286,29.0
27CC-0,304,80.0
27CD-0,78,307.0
27CE-0,161,22.0
27CF-0,311,149.0
27CG-0,565,86.0
27CH-0,550,47.0
27CJ-0,241,52.0
27CK-0,312,28.0
27CL-0,302,119.0
27CM-0,22,53.0
27CN-0,504,125.0
27CP-0,102,51.0
27CR-0,324,33.0
27CT-0,298,58.0
27JH-0,386,33.0
27JJ-0,598,91.0
27JK-0,359,26.0
27JN-0,464,18.0
27JP-0,501,58.0
27JR-0,420,59.0
27JT-0,358,6.0
27JU-0,398,8.0
27JV-0,199,4.0
27JW-0,544,87.0
27JX-0,137,44.0
27KA-0,236,118.0
27KE-0,585,158.0
27LH-0,542,43.0
27LJ-0,197,8.0
27LR-0,385,51.0
27LU-0,147,51.0
27LV-0,482,41.0
27LW-0,436,30.0
27LX-0,417,65.0
27LY-0,597,5.0
27LZ-0,345,73.0
27MA-0,73,264.0
27MB-0,37,252.0
27MC-0,365,101.0
27ME-0,829,164.0
27MG-0,159,25.0
27MH-0,381,20.0
27ML-0,285,40.0
27NL-0,365,
27NM-0,264,50.0
27NN-0,130,41.0
27NP-0,138,92.0
27NR-0,687,71.0
27NT-0,516,129.0
27NU-0,304,174.0
27NV-0,291,71.0
27NW-0,220,29.0
27NX-0,528,24.0
27NY-0,200,84.0
27NZ-0,125,43.0
27PB-0,455,145.0
27PC-0,192,93.0
27PD-0,391,54.0
27PE-0,211,6.0
27PF-0,457,40.0
27PG-0,242,65.0
27PH-0,542,30.0
27PK-0,199,6.0
27PN-0,286,65.0
27PR-0,71,306.0
27PR-2,28,99.0
27PT-0,339,71.0
27PU-0,146,63.0
27PW-0,183,39.0
27PX-0,315,16.0
27RK-0,327,45.0
27RL-0,182,30.0
27RM-0,245,44.0
27RN-0,304,
27RP-0,300,
27RT-0,572,20.0
27RU-0,214,12.0
27TZ-0,241,20.0
27UA-0,365,40.0
27UB-0,93,71.0
27UC-0,370,15.0
27UE-0,186,13.0
27UZ-0,102,3.0
27VA-0,231,139.0
27WY-0,379,5.0
27WZ-0,418,41.0
27XA-0,413,13.0
27XB-0,691,89.0
27XC-0,357,60.0
27XD-0,244,29.0
27XE-0,113,6.0
27XG-0,410,6.0
27XH-0,249,31.0
27XJ-0,762,10.0
27XK-0,645,123.0
27YB-0,177,9.0
27YC-0,483,2.0
27YD-0,99,29.0
27YE-0,286,82.0
27YF-0,244,116.0
27YG-0,74,385.0
27YH-0,1250,81.0
27YJ-0,58,344.0
27YK-0,105,42.0
27YN-0,735,437.0
27YP-0,295,69.0
27YV-0,177,24.0
27YW-0,222,51.0
27YZ-0,607,62.0
27ZA-0,257,3.0
28AE-0,359,47.0
28AF-0,331,163.0
28AG-0,266,92.0
28AJ-0,242,185.0
28AK-0,329,82.0
28AL-0,564,133.0
28AM-0,202,46.0
28AN-0,394,8.0
28AP-0,159,7.0
28AU-0,254,83.0
28AV-0,295,46.0
28AW-0,473,171.0
28BA-0,494,66.0
28BC-0,187,139.0
28BF-0,44,25.0
28BG-0,473,1.0
28BH-0,507,4.0
28BJ-0,424,13.0
28BL-0,64,98.0
28BP-0,274,28.0
28BZ-0,309,89.0
28CD-0,320,36.0
28CE-0,583,5.0
28CF-0,225,18.0
28CG-0,382,
28CH-0,172,26.0
28CK-0,265,32.0
28CL-0,810,115.0
28CY-0,540,5.0
28CZ-0,251,72.0
28DA-0,198,20.0
28DC-0,467,60.0
28DD-0,371,55.0
29RV-0,265,80.0
29TM-0,263,2.0
29TN-0,334,13.0
29TZ-0,231,124.0
29UA-0,696,40.0
29UB-0,384,77.0
29UC-0,93,63.0
29UG-0,206,340.0
29UL-0,515,
29UM-0,478,4.0
29XB-0,305,5.0
29XC-0,86,20.0
29XE-0,535,114.0
29XF-0,172,118.0
29XG-0,282,222.0
29XH-0,279,5.0
29XJ-0,322,91.0
29XL-0,406,6.0
29XN-0,224,3.0
29XP-0,451,67.0
29XR-0,376,61.0
29XV-0,368,4.0
29XW-0,168,27.0
29XY-0,175,18.0
29XZ-0,88,3.0
29YC-0,49,79.0
29YD-0,67,4.0
29YF-0,360,8.0
29YJ-0,88,
30AF-0,77,14.0
30AG-0,84,4.0
30AH-0,273,47.0
30AJ-0,484,216.0
30AK-0,239,86.0
30AL-0,152,5.0
30AR-0,271,38.0
30AZ-0,370,28.0
30BA-0,470,5.0
30BB-0,378,100.0
30FG-0,273,68.0
30FL-0,208,1.0
30FM-0,439,20.0
30FU-0,551,60.0
30FV-0,221,32.0
30FX-0,299,4.0
30FY-0,278,99.0
30FZ-0,465,16.0
30GF-0,404,87.0
30GJ-0,191,118.0
30GY-0,615,36.0
30JP-0,211,31.0
30JR-0,268,118.0
30JU-0,295,5.0
30JV-0,103,89.0
30JZ-0,77,1.0
30KD-0,318,2.0
30KE-0,261,23.0
30KF-0,161,9.0
30KN-0,179,8.0
30PE-0,283,120.0
30PF-0,357,
30PM-0,242,33.0
30PW-0,455,4.0
30RD-0,383,27.0
30RE-0,316,6.0
30RH-0,543,10.0
30RJ-0,410,6.0
30RL-0,187,135.0
30TE-0,297,63.0
30TF-0,371,
30UE-0,11,251.0
30UF-0,33,299.0
30UN-0,645,57.0
30UP-0,232,57.0
30UR-0,436,66.0
30UT-0,452,48.0
30UX-0,124,3.0
30UY-0,199,41.0
30UZ-0,258,7.0
30VA-0,314,9.0
30VB-0,327,35.0
30VC-0,236,110.0
30VD-0,297,3.0
30WX-0,339,6.0
30WY-0,40,90.0
30XB-0,72,43.0
30XC-0,136,5.0
30XD-0,100,
30XM-0,266,16.0
30XT-0,393,43.0
31AG-0,208,63.0
31AW-0,364,81.0
31AZ-0,410,6.0
31BJ-0,237,9.0
31BK-0,191,19.0
31BR-0,153,57.0
31CJ-0,90,261.0
31DE-0,80,224.0
31DF-0,133,3.0
31DH-0,229,144.0
31DJ-0,269,59.0
31DM-0,58,
31DP-0,237,37.0
31DV-0,190,31.0
31EC-0,59,286.0
31EC-1,6,130.0
31ET-0,252,19.0
31FJ-0,50,
31FK-0,145,
31FM-0,101,2.0
31FN-0,244,47.0
31FT-0,160,20.0
31GH-0,325,3.0
31GW-0,295,32.0
31GX-0,455,8.0
31JD-0,52,4.0
31JE-0,109,8.0
31JF-0,133,23.0
31JG-0,94,
31JK-0,51,7.0
31JL-0,42,
31JM-0,187,7.0
31JN-0,38,12.0
31JR-0,103,95.0
31JT-0,172,48.0
31JX-0,125,406.0
31KB-0,318,35.0
31LC-0,55,320.0
31LD-0,239,7.0
31LH-0,37,39.0
31LJ-0,33,3.0
31LK-0,127,131.0
31LL-0,40,41.0
31LM-0,93,182.0
31LN-0,167,8.0
31LR-0,31,
31LT-0,26,
31LY-0,298,20.0
31LZ-0,216,55.0
31MA-0,211,2.0
31ME-0,345,40.0
31MF-0,240,46.0
31MG-0,21,68.0
31MH-0,40,
31ML-0,3,63.0
31MM-0,2,79.0
31MN-0,39,
31MV-0,413,9.0
31MX-0,5,5.0
31PF-0,247,
31PG-0,225,351.0
31PH-0,21,8.0
31PJ-0,47,
31PP-0,181,
31PR-0,47,31.0
31PU-0,25,1.0
31PW-0,53,4.0
31PX-0,13,1.0
